concept_answer_id,concept_id,answer_concept,answer_drug,creator,date_created,uuid,sort_weight

1,12,1115,NULL,1,'2005-01-2600:00:00','be64ac29-1691-11df-97a5-7038c432aabf',1

2,12,1136,NULL,1,'2005-01-2600:00:00','be64d587-1691-11df-97a5-7038c432aabf',2

3,12,1137,NULL,1,'2005-01-2600:00:00','be64da46-1691-11df-97a5-7038c432aabf',3

4,12,5158,NULL,1,'2005-01-2600:00:00','be64dee7-1691-11df-97a5-7038c432aabf',4

5,12,5622,NULL,1,'2005-02-1721:05:21','be64e377-1691-11df-97a5-7038c432aabf',5

6,12,6049,NULL,1,'2005-01-2600:00:00','be64e860-1691-11df-97a5-7038c432aabf',6

7,12,6050,NULL,1,'2005-01-2600:00:00','be64ed05-1691-11df-97a5-7038c432aabf',7

8,12,6052,NULL,1,'2005-01-2600:00:00','be64f18c-1691-11df-97a5-7038c432aabf',8

9,32,664,NULL,1,'2005-02-1404:48:25','be64f5f6-1691-11df-97a5-7038c432aabf',9

10,32,703,NULL,1,'2005-02-1404:48:25','be64fa81-1691-11df-97a5-7038c432aabf',10

11,32,1138,NULL,1,'2005-02-1404:48:25','be64ff08-1691-11df-97a5-7038c432aabf',11

12,45,664,NULL,1,'2005-02-1406:03:55','be650382-1691-11df-97a5-7038c432aabf',12

13,45,703,NULL,1,'2005-02-1406:03:55','be650801-1691-11df-97a5-7038c432aabf',13

14,45,1138,NULL,1,'2005-02-1406:03:55','be6523c6-1691-11df-97a5-7038c432aabf',14

15,101,1115,NULL,1,'2005-02-1409:20:04','be652851-1691-11df-97a5-7038c432aabf',15

16,101,1116,NULL,1,'2005-02-1409:20:04','be652ce5-1691-11df-97a5-7038c432aabf',16

17,299,1228,NULL,1,'2005-02-1617:21:33','be653160-1691-11df-97a5-7038c432aabf',17

18,299,1229,NULL,1,'2005-02-1617:21:33','be6535eb-1691-11df-97a5-7038c432aabf',18

19,300,690,NULL,1,'2005-02-1617:56:08','be6538cb-1691-11df-97a5-7038c432aabf',19

20,300,692,NULL,1,'2005-02-1617:56:08','be653b8c-1691-11df-97a5-7038c432aabf',20

21,300,694,NULL,1,'2005-02-1617:56:08','be653e46-1691-11df-97a5-7038c432aabf',21

22,300,696,NULL,1,'2005-02-1617:56:08','be65410c-1691-11df-97a5-7038c432aabf',22

23,300,699,NULL,1,'2005-02-1617:49:53','be6543bc-1691-11df-97a5-7038c432aabf',23

24,300,701,NULL,1,'2005-02-1617:49:53','be654671-1691-11df-97a5-7038c432aabf',24

25,300,1230,NULL,1,'2005-02-1617:49:53','be654937-1691-11df-97a5-7038c432aabf',25

26,300,1231,NULL,1,'2005-02-1617:49:53','be654be4-1691-11df-97a5-7038c432aabf',26

27,309,1115,NULL,1,'2005-02-1700:25:06','be654e94-1691-11df-97a5-7038c432aabf',27

28,309,1116,NULL,1,'2005-02-1700:25:06','be655156-1691-11df-97a5-7038c432aabf',28

29,377,1115,NULL,1,'2005-02-1700:10:04','be655407-1691-11df-97a5-7038c432aabf',29

30,377,1116,NULL,1,'2005-02-1700:10:04','be6556b7-1691-11df-97a5-7038c432aabf',30

31,380,1115,NULL,1,'2005-02-1700:25:37','be655979-1691-11df-97a5-7038c432aabf',31

32,380,1116,NULL,1,'2005-02-1700:25:37','be655c2e-1691-11df-97a5-7038c432aabf',32

33,382,1115,NULL,1,'2005-02-1700:10:54','be655f12-1691-11df-97a5-7038c432aabf',33

34,382,1116,NULL,1,'2005-02-1700:10:54','be6561c7-1691-11df-97a5-7038c432aabf',34

35,384,1115,NULL,1,'2005-02-1700:10:30','be656478-1691-11df-97a5-7038c432aabf',35

36,384,1116,NULL,1,'2005-02-1700:10:30','be65673e-1691-11df-97a5-7038c432aabf',36

37,386,1115,NULL,1,'2005-02-1700:26:43','be6569ee-1691-11df-97a5-7038c432aabf',37

38,386,1116,NULL,1,'2005-02-1700:26:43','be656c9b-1691-11df-97a5-7038c432aabf',38

39,390,1115,NULL,1,'2005-02-1700:27:03','be656f5c-1691-11df-97a5-7038c432aabf',39

40,390,1116,NULL,1,'2005-02-1700:27:03','be657211-1691-11df-97a5-7038c432aabf',40

41,392,1115,NULL,1,'2005-02-1700:26:01','be6574be-1691-11df-97a5-7038c432aabf',41

42,392,1116,NULL,1,'2005-02-1700:26:01','be65777b-1691-11df-97a5-7038c432aabf',42

43,394,1115,NULL,1,'2005-02-1700:26:22','be657a27-1691-11df-97a5-7038c432aabf',43

44,394,1116,NULL,1,'2005-02-1700:26:22','be657cdc-1691-11df-97a5-7038c432aabf',44

45,845,1115,NULL,1,'2005-02-1814:44:39','be657f9e-1691-11df-97a5-7038c432aabf',45

46,845,1116,NULL,1,'2005-02-1814:44:39','be65824a-1691-11df-97a5-7038c432aabf',46

47,846,1115,NULL,1,'2005-02-1814:45:07','be658510-1691-11df-97a5-7038c432aabf',47

48,846,1116,NULL,1,'2005-02-1814:45:07','be6587d7-1691-11df-97a5-7038c432aabf',48

49,908,664,NULL,1,'2005-02-1815:47:51','be658a87-1691-11df-97a5-7038c432aabf',49

50,908,703,NULL,1,'2005-02-1815:47:51','be673f54-1691-11df-97a5-7038c432aabf',50

52,1040,664,NULL,1,'2005-01-2600:00:00','be67406a-1691-11df-97a5-7038c432aabf',52

53,1040,703,NULL,1,'2005-01-2600:00:00','be67415e-1691-11df-97a5-7038c432aabf',53

56,1054,1056,NULL,1,'2005-01-0600:00:00','be674249-1691-11df-97a5-7038c432aabf',56

57,1054,1057,NULL,1,'2005-01-0600:00:00','be674342-1691-11df-97a5-7038c432aabf',57

58,1054,1058,NULL,1,'2005-01-0600:00:00','be67442d-1691-11df-97a5-7038c432aabf',58

59,1054,1059,NULL,1,'2005-01-0600:00:00','be67451c-1691-11df-97a5-7038c432aabf',59

60,1054,1060,NULL,1,'2005-01-0600:00:00','be674610-1691-11df-97a5-7038c432aabf',60

61,1054,5555,NULL,1,'2005-01-0600:00:00','be6746fb-1691-11df-97a5-7038c432aabf',61

62,1061,1062,NULL,1,'2005-01-0600:00:00','be6747e7-1691-11df-97a5-7038c432aabf',62

63,1061,1063,NULL,1,'2005-01-0600:00:00','be6748da-1691-11df-97a5-7038c432aabf',63

66,1061,5564,NULL,1,'2005-01-0600:00:00','be6749ca-1691-11df-97a5-7038c432aabf',66

68,1069,81,NULL,1,'2005-02-0900:00:00','be674ab5-1691-11df-97a5-7038c432aabf',68

69,1069,512,NULL,1,'2005-01-0600:00:00','be674ba9-1691-11df-97a5-7038c432aabf',69

70,1069,832,NULL,1,'2005-01-0600:00:00','be674c99-1691-11df-97a5-7038c432aabf',70

71,1069,871,NULL,1,'2005-01-0600:00:00','be674d84-1691-11df-97a5-7038c432aabf',71

72,1069,5544,NULL,1,'2005-01-0600:00:00','be674e78-1691-11df-97a5-7038c432aabf',72

73,1069,5945,NULL,1,'2005-01-0600:00:00','be674f67-1691-11df-97a5-7038c432aabf',73

74,1069,5949,NULL,1,'2005-01-0600:00:00','be675057-1691-11df-97a5-7038c432aabf',74

75,1069,5986,NULL,1,'2005-02-0900:00:00','be67514a-1691-11df-97a5-7038c432aabf',75

76,1069,6022,NULL,1,'2005-02-0900:00:00','be675236-1691-11df-97a5-7038c432aabf',76

77,1069,6023,NULL,1,'2005-02-0900:00:00','be675325-1691-11df-97a5-7038c432aabf',77

78,1069,6029,NULL,1,'2005-01-0600:00:00','be675419-1691-11df-97a5-7038c432aabf',78

79,1070,861,NULL,1,'2005-01-0600:00:00','be675504-1691-11df-97a5-7038c432aabf',79

80,1070,873,NULL,1,'2005-02-0900:00:00','be6755f0-1691-11df-97a5-7038c432aabf',80

81,1070,5244,NULL,1,'2005-02-0900:00:00','be6756e3-1691-11df-97a5-7038c432aabf',81

82,1070,5334,NULL,1,'2005-01-0600:00:00','be6757cf-1691-11df-97a5-7038c432aabf',82

83,1070,5953,NULL,1,'2005-01-0600:00:00','be6758c7-1691-11df-97a5-7038c432aabf',83

84,1070,5954,NULL,1,'2005-01-0600:00:00','be6759ba-1691-11df-97a5-7038c432aabf',84

85,1070,6016,NULL,1,'2005-02-0900:00:00','be675aaa-1691-11df-97a5-7038c432aabf',85

86,1071,58,NULL,1,'2005-01-2600:00:00','be675b95-1691-11df-97a5-7038c432aabf',86

87,1071,107,NULL,1,'2005-01-0600:00:00','be675c8d-1691-11df-97a5-7038c432aabf',87

88,1071,136,NULL,1,'2005-01-0600:00:00','be675d79-1691-11df-97a5-7038c432aabf',88

89,1071,801,NULL,1,'2005-02-0900:00:00','be675e68-1691-11df-97a5-7038c432aabf',89

90,1071,1145,NULL,1,'2005-01-2600:00:00','be675f5c-1691-11df-97a5-7038c432aabf',90

91,1071,5957,NULL,1,'2005-01-0600:00:00','be676047-1691-11df-97a5-7038c432aabf',91

92,1071,5960,NULL,1,'2005-01-0600:00:00','be67612e-1691-11df-97a5-7038c432aabf',92

93,1071,5961,NULL,1,'2005-01-0600:00:00','be676222-1691-11df-97a5-7038c432aabf',93

94,1071,5963,NULL,1,'2005-01-0600:00:00','be67630d-1691-11df-97a5-7038c432aabf',94

95,1078,16,NULL,1,'2005-01-0600:00:00','be6763f8-1691-11df-97a5-7038c432aabf',95

96,1078,151,NULL,1,'2005-01-0600:00:00','be6764e8-1691-11df-97a5-7038c432aabf',96

97,1078,5978,NULL,1,'2005-01-0600:00:00','be6765d8-1691-11df-97a5-7038c432aabf',97

98,1078,5980,NULL,1,'2005-01-0600:00:00','be6766c3-1691-11df-97a5-7038c432aabf',98

99,1078,5986,NULL,1,'2005-01-0600:00:00','be6767b7-1691-11df-97a5-7038c432aabf',99

100,1078,6017,NULL,1,'2005-02-0900:00:00','be6768a2-1691-11df-97a5-7038c432aabf',100

101,1078,6019,NULL,1,'2005-02-0900:00:00','be676991-1691-11df-97a5-7038c432aabf',101

102,1078,6031,NULL,1,'2005-01-0600:00:00','be676a7d-1691-11df-97a5-7038c432aabf',102

103,1078,6032,NULL,1,'2005-01-0600:00:00','be676b6c-1691-11df-97a5-7038c432aabf',103

104,1080,55,NULL,1,'2005-01-0600:00:00','be676c5c-1691-11df-97a5-7038c432aabf',104

105,1080,840,NULL,1,'2005-01-0600:00:00','be676d4b-1691-11df-97a5-7038c432aabf',105

106,1080,5989,NULL,1,'2005-01-0600:00:00','be67706b-1691-11df-97a5-7038c432aabf',106

107,1080,5990,NULL,1,'2005-01-0600:00:00','be677170-1691-11df-97a5-7038c432aabf',107

108,1080,5993,NULL,1,'2005-01-0600:00:00','be677268-1691-11df-97a5-7038c432aabf',108

109,1080,5995,NULL,1,'2005-01-0600:00:00','be67746e-1691-11df-97a5-7038c432aabf',109

110,1080,6020,NULL,1,'2005-02-0900:00:00','be67757b-1691-11df-97a5-7038c432aabf',110

111,1080,6021,NULL,1,'2005-02-0900:00:00','be67767c-1691-11df-97a5-7038c432aabf',111

112,1080,6033,NULL,1,'2005-01-0600:00:00','be677778-1691-11df-97a5-7038c432aabf',112

113,1081,80,NULL,1,'2005-01-0600:00:00','be67787d-1691-11df-97a5-7038c432aabf',113

114,1081,590,NULL,1,'2005-01-0600:00:00','be67797e-1691-11df-97a5-7038c432aabf',114

115,1081,5312,NULL,1,'2005-01-0600:00:00','be677a7a-1691-11df-97a5-7038c432aabf',115

116,1081,6034,NULL,1,'2005-01-0600:00:00','be677b7f-1691-11df-97a5-7038c432aabf',116

117,1081,6035,NULL,1,'2005-01-0600:00:00','be677c80-1691-11df-97a5-7038c432aabf',117

118,1082,77,NULL,1,'2005-01-0600:00:00','be677d80-1691-11df-97a5-7038c432aabf',118

119,1082,206,NULL,1,'2005-02-1801:39:57','be678d71-1691-11df-97a5-7038c432aabf',119

120,1082,207,NULL,1,'2005-01-0600:00:00','be678e76-1691-11df-97a5-7038c432aabf',120

121,1082,620,NULL,1,'2005-01-0600:00:00','be678f69-1691-11df-97a5-7038c432aabf',121

122,1082,6004,NULL,1,'2005-01-0600:00:00','be679073-1691-11df-97a5-7038c432aabf',122

123,1082,6005,NULL,1,'2005-01-0600:00:00','be679178-1691-11df-97a5-7038c432aabf',123

124,1082,6006,NULL,1,'2005-01-0600:00:00','be679274-1691-11df-97a5-7038c432aabf',124

125,1082,6037,NULL,1,'2005-01-0600:00:00','be679379-1691-11df-97a5-7038c432aabf',125

126,1086,625,NULL,1,'2005-01-1200:00:00','be679475-1691-11df-97a5-7038c432aabf',126

127,1086,628,NULL,1,'2005-01-1200:00:00','be67957a-1691-11df-97a5-7038c432aabf',127

128,1086,631,NULL,1,'2005-01-1200:00:00','be67967f-1691-11df-97a5-7038c432aabf',128

129,1086,633,NULL,1,'2005-01-1200:00:00','be679780-1691-11df-97a5-7038c432aabf',129

130,1086,635,NULL,1,'2005-01-1200:00:00','be679880-1691-11df-97a5-7038c432aabf',130

131,1086,794,NULL,1,'2005-02-0900:00:00','be679985-1691-11df-97a5-7038c432aabf',131

132,1086,796,NULL,1,'2005-01-1200:00:00','be679a82-1691-11df-97a5-7038c432aabf',132

133,1086,797,NULL,1,'2005-01-1200:00:00','be683e25-1691-11df-97a5-7038c432aabf',133

134,1086,814,NULL,1,'2005-01-1200:00:00','be683f33-1691-11df-97a5-7038c432aabf',134

135,1086,5424,NULL,1,'2005-01-1200:00:00','be684033-1691-11df-97a5-7038c432aabf',135

136,1086,5811,NULL,1,'2005-01-1200:00:00','be684130-1691-11df-97a5-7038c432aabf',136

153,1109,92,NULL,1,'2005-01-1200:00:00','be684235-1691-11df-97a5-7038c432aabf',153

154,1109,916,NULL,1,'2005-01-1200:00:00','be68433a-1691-11df-97a5-7038c432aabf',154

155,1109,1107,NULL,1,'2005-01-1200:00:00','be68443a-1691-11df-97a5-7038c432aabf',155

156,1110,656,NULL,1,'2005-01-1200:00:00','be68453b-1691-11df-97a5-7038c432aabf',156

157,1110,1107,NULL,1,'2005-01-1200:00:00','be684637-1691-11df-97a5-7038c432aabf',157

167,1112,747,NULL,1,'2005-01-1200:00:00','be684738-1691-11df-97a5-7038c432aabf',167

168,1112,1107,NULL,1,'2005-01-1200:00:00','be684839-1691-11df-97a5-7038c432aabf',168

169,1119,161,NULL,1,'2005-02-0800:00:00','be684935-1691-11df-97a5-7038c432aabf',169

170,1119,215,NULL,1,'2005-02-0800:00:00','be684a36-1691-11df-97a5-7038c432aabf',170

171,1119,460,NULL,1,'2005-02-0900:00:00','be684b36-1691-11df-97a5-7038c432aabf',171

172,1119,5201,NULL,1,'2005-01-1200:00:00','be684c33-1691-11df-97a5-7038c432aabf',172

173,1119,5243,NULL,1,'2005-02-0900:00:00','be684d33-1691-11df-97a5-7038c432aabf',173

174,1119,5244,NULL,1,'2005-02-0900:00:00','be684e34-1691-11df-97a5-7038c432aabf',174

175,1119,5245,NULL,1,'2005-02-0800:00:00','be684f30-1691-11df-97a5-7038c432aabf',175

176,1120,507,NULL,1,'2005-01-1200:00:00','be685035-1691-11df-97a5-7038c432aabf',176

177,1120,512,NULL,1,'2005-01-1200:00:00','be685131-1691-11df-97a5-7038c432aabf',177

178,1120,1115,NULL,1,'2005-01-1200:00:00','be685232-1691-11df-97a5-7038c432aabf',178

179,1120,1116,NULL,1,'2005-01-1200:00:00','be685337-1691-11df-97a5-7038c432aabf',179

180,1121,504,NULL,1,'2005-01-1200:00:00','be685433-1691-11df-97a5-7038c432aabf',180

181,1121,505,NULL,1,'2005-01-1200:00:00','be685530-1691-11df-97a5-7038c432aabf',181

182,1121,506,NULL,1,'2005-01-1200:00:00','be685630-1691-11df-97a5-7038c432aabf',182

183,1121,643,NULL,1,'2005-01-1200:00:00','be685731-1691-11df-97a5-7038c432aabf',183

184,1121,1115,NULL,1,'2005-01-1200:00:00','be68582d-1691-11df-97a5-7038c432aabf',184

185,1121,1116,NULL,1,'2005-01-1200:00:00','be685932-1691-11df-97a5-7038c432aabf',185

186,1121,5112,NULL,1,'2005-01-1200:00:00','be685a2f-1691-11df-97a5-7038c432aabf',186

187,1122,131,NULL,1,'2005-01-1200:00:00','be685b2b-1691-11df-97a5-7038c432aabf',187

188,1122,513,NULL,1,'2005-01-1200:00:00','be685c2c-1691-11df-97a5-7038c432aabf',188

189,1122,516,NULL,1,'2005-01-1200:00:00','be685d28-1691-11df-97a5-7038c432aabf',189

190,1122,518,NULL,1,'2005-01-1200:00:00','be685e20-1691-11df-97a5-7038c432aabf',190

191,1122,530,NULL,1,'2005-01-1200:00:00','be685f25-1691-11df-97a5-7038c432aabf',191

192,1122,536,NULL,1,'2005-02-0900:00:00','be686021-1691-11df-97a5-7038c432aabf',192

193,1122,644,NULL,1,'2005-01-1200:00:00','be68611e-1691-11df-97a5-7038c432aabf',193

194,1122,873,NULL,1,'2005-02-0900:00:00','be68621e-1691-11df-97a5-7038c432aabf',194

195,1122,948,NULL,1,'2005-01-1200:00:00','be68631f-1691-11df-97a5-7038c432aabf',195

196,1122,1115,NULL,1,'2005-01-1200:00:00','be686e84-1691-11df-97a5-7038c432aabf',196

197,1122,1116,NULL,1,'2005-01-1200:00:00','be686f89-1691-11df-97a5-7038c432aabf',197

198,1122,5170,NULL,1,'2005-01-1200:00:00','be68707d-1691-11df-97a5-7038c432aabf',198

199,1122,5192,NULL,1,'2005-01-1200:00:00','be687182-1691-11df-97a5-7038c432aabf',199

200,1122,5334,NULL,1,'2005-01-1200:00:00','be687282-1691-11df-97a5-7038c432aabf',200

201,1122,6016,NULL,1,'2005-02-0900:00:00','be687383-1691-11df-97a5-7038c432aabf',201

202,1123,639,NULL,1,'2005-01-1200:00:00','be68747f-1691-11df-97a5-7038c432aabf',202

203,1123,1115,NULL,1,'2005-01-1200:00:00','be687580-1691-11df-97a5-7038c432aabf',203

204,1123,1116,NULL,1,'2005-01-1200:00:00','be687681-1691-11df-97a5-7038c432aabf',204

205,1123,5115,NULL,1,'2005-01-1200:00:00','be687781-1691-11df-97a5-7038c432aabf',205

206,1123,5116,NULL,1,'2005-01-1200:00:00','be68788a-1691-11df-97a5-7038c432aabf',206

207,1123,5127,NULL,1,'2005-01-1200:00:00','be6879b2-1691-11df-97a5-7038c432aabf',207

208,1123,5134,NULL,1,'2005-01-1200:00:00','be687ac8-1691-11df-97a5-7038c432aabf',208

209,1123,5138,NULL,1,'2005-01-1200:00:00','be687bbb-1691-11df-97a5-7038c432aabf',209

210,1123,5139,NULL,1,'2005-02-0900:00:00','be687caf-1691-11df-97a5-7038c432aabf',210

211,1123,5141,NULL,1,'2005-02-0900:00:00','be687da3-1691-11df-97a5-7038c432aabf',211

212,1123,5181,NULL,1,'2005-01-1200:00:00','be687e97-1691-11df-97a5-7038c432aabf',212

213,1123,5209,NULL,1,'2005-01-1200:00:00','be687f86-1691-11df-97a5-7038c432aabf',213

214,1124,550,NULL,1,'2005-01-1200:00:00','be68807e-1691-11df-97a5-7038c432aabf',214

215,1124,562,NULL,1,'2005-01-1200:00:00','be68816a-1691-11df-97a5-7038c432aabf',215

216,1124,1115,NULL,1,'2005-01-1200:00:00','be688259-1691-11df-97a5-7038c432aabf',216

217,1124,1116,NULL,1,'2005-01-1200:00:00','be68834d-1691-11df-97a5-7038c432aabf',217

218,1124,1117,NULL,1,'2005-01-1200:00:00','be688438-1691-11df-97a5-7038c432aabf',218

219,1124,5156,NULL,1,'2005-01-1200:00:00','be688524-1691-11df-97a5-7038c432aabf',219

220,1124,5157,NULL,1,'2005-01-1200:00:00','be6892f9-1691-11df-97a5-7038c432aabf',220

221,1124,5158,NULL,1,'2005-01-1200:00:00','be6893ed-1691-11df-97a5-7038c432aabf',221

222,1124,5160,NULL,1,'2005-01-1200:00:00','be6894e1-1691-11df-97a5-7038c432aabf',222

223,1124,5162,NULL,1,'2005-01-1200:00:00','be68965d-1691-11df-97a5-7038c432aabf',223

224,1124,5164,NULL,1,'2005-01-1200:00:00','be6897c9-1691-11df-97a5-7038c432aabf',224

225,1124,5166,NULL,1,'2005-01-1200:00:00','be689930-1691-11df-97a5-7038c432aabf',225

226,1124,5176,NULL,1,'2005-01-1200:00:00','be689e62-1691-11df-97a5-7038c432aabf',226

227,1125,581,NULL,1,'2005-01-1200:00:00','be68b032-1691-11df-97a5-7038c432aabf',227

228,1125,1115,NULL,1,'2005-01-1200:00:00','be68b19e-1691-11df-97a5-7038c432aabf',228

229,1125,1116,NULL,1,'2005-01-1200:00:00','be68b30e-1691-11df-97a5-7038c432aabf',229

230,1125,5008,NULL,1,'2005-01-1200:00:00','be68c15b-1691-11df-97a5-7038c432aabf',230

231,1125,5009,NULL,1,'2005-01-1200:00:00','be68c2cf-1691-11df-97a5-7038c432aabf',231

232,1125,5103,NULL,1,'2005-01-1200:00:00','be68d107-1691-11df-97a5-7038c432aabf',232

233,1125,5105,NULL,1,'2005-01-1200:00:00','be68df54-1691-11df-97a5-7038c432aabf',233

234,1126,1115,NULL,1,'2005-01-1200:00:00','be6902f8-1691-11df-97a5-7038c432aabf',234

235,1126,1116,NULL,1,'2005-01-1200:00:00','be69a440-1691-11df-97a5-7038c432aabf',235

236,1126,1118,NULL,1,'2005-01-1200:00:00','be69a545-1691-11df-97a5-7038c432aabf',236

237,1127,134,NULL,1,'2005-01-1200:00:00','be69a64f-1691-11df-97a5-7038c432aabf',237

238,1127,507,NULL,1,'2005-01-2600:00:00','be69a753-1691-11df-97a5-7038c432aabf',238

239,1127,590,NULL,1,'2005-01-1200:00:00','be69a854-1691-11df-97a5-7038c432aabf',239

240,1127,888,NULL,1,'2005-02-0900:00:00','be69a95d-1691-11df-97a5-7038c432aabf',240

241,1127,951,NULL,1,'2005-01-1200:00:00','be69aa62-1691-11df-97a5-7038c432aabf',241

242,1127,1115,NULL,1,'2005-01-1200:00:00','be69ab6b-1691-11df-97a5-7038c432aabf',242

243,1127,1116,NULL,1,'2005-01-1200:00:00','be69ac70-1691-11df-97a5-7038c432aabf',243

244,1128,1115,NULL,1,'2005-01-1200:00:00','be69ad71-1691-11df-97a5-7038c432aabf',244

245,1128,1116,NULL,1,'2005-01-1200:00:00','be69ae76-1691-11df-97a5-7038c432aabf',245

246,1128,5312,NULL,1,'2005-02-0900:00:00','be69af7f-1691-11df-97a5-7038c432aabf',246

247,1128,5313,NULL,1,'2005-02-0900:00:00','be69b080-1691-11df-97a5-7038c432aabf',247

248,1129,206,NULL,1,'2005-02-1801:40:25','be69b180-1691-11df-97a5-7038c432aabf',248

249,1129,599,NULL,1,'2005-01-1200:00:00','be69b28a-1691-11df-97a5-7038c432aabf',249

250,1129,1115,NULL,1,'2005-01-1200:00:00','be69b38a-1691-11df-97a5-7038c432aabf',250

251,1129,1116,NULL,1,'2005-01-1200:00:00','be69b48b-1691-11df-97a5-7038c432aabf',251

252,1129,1199,NULL,1,'2005-02-0900:00:00','be69b590-1691-11df-97a5-7038c432aabf',252

253,1129,5108,NULL,1,'2005-01-1200:00:00','be69b695-1691-11df-97a5-7038c432aabf',253

254,1129,5135,NULL,1,'2005-01-1200:00:00','be69b795-1691-11df-97a5-7038c432aabf',254

255,1129,5264,NULL,1,'2005-02-0900:00:00','be69b89a-1691-11df-97a5-7038c432aabf',255

256,1129,6005,NULL,1,'2005-01-1200:00:00','be69b99b-1691-11df-97a5-7038c432aabf',256

257,1129,6023,NULL,1,'2005-02-0900:00:00','be69bb53-1691-11df-97a5-7038c432aabf',257

258,1130,207,NULL,1,'2005-01-1200:00:00','be69bc65-1691-11df-97a5-7038c432aabf',258

259,1130,1115,NULL,1,'2005-01-1200:00:00','be69bd6a-1691-11df-97a5-7038c432aabf',259

260,1130,1116,NULL,1,'2005-01-1200:00:00','be69be6b-1691-11df-97a5-7038c432aabf',260

261,1130,5136,NULL,1,'2005-01-1200:00:00','be69bf74-1691-11df-97a5-7038c432aabf',261

262,1130,5265,NULL,1,'2005-02-0900:00:00','be69c079-1691-11df-97a5-7038c432aabf',262

263,1130,6006,NULL,1,'2005-02-0900:00:00','be69c179-1691-11df-97a5-7038c432aabf',263

264,1147,631,NULL,1,'2005-02-0700:00:00','be69c283-1691-11df-97a5-7038c432aabf',264

265,1147,1067,NULL,1,'2005-02-0700:00:00','be69c388-1691-11df-97a5-7038c432aabf',265

266,1147,1107,NULL,1,'2005-02-0700:00:00','be69c48c-1691-11df-97a5-7038c432aabf',266

267,1147,1148,NULL,1,'2005-02-0700:00:00','be69c591-1691-11df-97a5-7038c432aabf',267

268,1147,1149,NULL,1,'2005-02-0700:00:00','be69c692-1691-11df-97a5-7038c432aabf',268

275,1156,1065,NULL,1,'2005-02-0800:00:00','be69c797-1691-11df-97a5-7038c432aabf',275

276,1156,1066,NULL,1,'2005-02-0800:00:00','be69c8a0-1691-11df-97a5-7038c432aabf',276

277,1156,1085,NULL,1,'2005-02-0800:00:00','be69c9bf-1691-11df-97a5-7038c432aabf',277

278,1156,1157,NULL,1,'2005-02-0800:00:00','be69cac4-1691-11df-97a5-7038c432aabf',278

279,1156,1158,NULL,1,'2005-02-0800:00:00','be69cbd1-1691-11df-97a5-7038c432aabf',279

280,1156,1159,NULL,1,'2005-02-0800:00:00','be69ccd6-1691-11df-97a5-7038c432aabf',280

281,1164,1107,NULL,1,'2005-02-0800:00:00','be69cddf-1691-11df-97a5-7038c432aabf',281

282,1164,1160,NULL,1,'2005-02-0800:00:00','be69cee0-1691-11df-97a5-7038c432aabf',282

283,1164,1161,NULL,1,'2005-02-0800:00:00','be69cfe5-1691-11df-97a5-7038c432aabf',283

284,1164,1162,NULL,1,'2005-02-0800:00:00','be69d0ea-1691-11df-97a5-7038c432aabf',284

285,1164,1163,NULL,1,'2005-02-0800:00:00','be69d1ea-1691-11df-97a5-7038c432aabf',285

286,1165,1107,NULL,1,'2005-02-0800:00:00','be69d2e7-1691-11df-97a5-7038c432aabf',286

287,1165,1160,NULL,1,'2005-02-0800:00:00','be69d3f0-1691-11df-97a5-7038c432aabf',287

288,1165,1161,NULL,1,'2005-02-0800:00:00','be69d4f5-1691-11df-97a5-7038c432aabf',288

289,1165,1162,NULL,1,'2005-02-0800:00:00','be69d5fa-1691-11df-97a5-7038c432aabf',289

290,1165,1163,NULL,1,'2005-02-0800:00:00','be69d703-1691-11df-97a5-7038c432aabf',290

291,1176,625,NULL,1,'2005-02-0800:00:00','be69d804-1691-11df-97a5-7038c432aabf',291

292,1176,628,NULL,1,'2005-02-0800:00:00','be69d908-1691-11df-97a5-7038c432aabf',292

293,1176,631,NULL,1,'2005-02-0800:00:00','be69da12-1691-11df-97a5-7038c432aabf',293

294,1176,797,NULL,1,'2005-02-0800:00:00','be69db12-1691-11df-97a5-7038c432aabf',294

295,1176,5622,NULL,1,'2005-02-0800:00:00','be69dc17-1691-11df-97a5-7038c432aabf',295

296,1177,1178,NULL,1,'2005-02-0900:00:00','be69dd20-1691-11df-97a5-7038c432aabf',296

297,1177,1179,NULL,1,'2005-02-0900:00:00','be69de21-1691-11df-97a5-7038c432aabf',297

298,1177,1180,NULL,1,'2005-02-0900:00:00','be69df26-1691-11df-97a5-7038c432aabf',298

299,1181,1148,NULL,1,'2005-02-0900:00:00','be69e02b-1691-11df-97a5-7038c432aabf',299

300,1181,1182,NULL,1,'2005-02-0900:00:00','be69e130-1691-11df-97a5-7038c432aabf',300

301,1181,1183,NULL,1,'2005-02-0900:00:00','be69e230-1691-11df-97a5-7038c432aabf',301

302,1181,1184,NULL,1,'2005-02-0900:00:00','be69e33a-1691-11df-97a5-7038c432aabf',302

303,1181,1185,NULL,1,'2005-02-0900:00:00','be69e43a-1691-11df-97a5-7038c432aabf',303

304,1187,628,NULL,1,'2005-02-0900:00:00','be69e53f-1691-11df-97a5-7038c432aabf',304

305,1187,631,NULL,1,'2005-02-0900:00:00','be69e644-1691-11df-97a5-7038c432aabf',305

306,1187,797,NULL,1,'2005-02-0900:00:00','be69e745-1691-11df-97a5-7038c432aabf',306

307,1187,5622,NULL,1,'2005-02-0900:00:00','be69e84a-1691-11df-97a5-7038c432aabf',307

308,1188,1072,NULL,1,'2005-02-0900:00:00','be69e953-1691-11df-97a5-7038c432aabf',308

309,1188,1073,NULL,1,'2005-02-0900:00:00','be69ea53-1691-11df-97a5-7038c432aabf',309

310,1188,1074,NULL,1,'2005-02-0900:00:00','be69eb58-1691-11df-97a5-7038c432aabf',310

311,1189,5550,NULL,1,'2005-02-0900:00:00','be69ec62-1691-11df-97a5-7038c432aabf',311

312,1189,6022,NULL,1,'2005-02-0900:00:00','be69ed62-1691-11df-97a5-7038c432aabf',312

313,1189,6025,NULL,1,'2005-02-0900:00:00','be69ee67-1691-11df-97a5-7038c432aabf',313

314,1189,6037,NULL,1,'2005-02-0900:00:00','be69ef70-1691-11df-97a5-7038c432aabf',314

315,1193,92,NULL,1,'2005-02-0900:00:00','be69f07e-1691-11df-97a5-7038c432aabf',315

316,1193,438,NULL,1,'2005-02-0900:00:00','be69f183-1691-11df-97a5-7038c432aabf',316

317,1193,461,NULL,1,'2005-02-0900:00:00','be69f28c-1691-11df-97a5-7038c432aabf',317

318,1193,656,NULL,1,'2005-02-0900:00:00','be69f38c-1691-11df-97a5-7038c432aabf',318

319,1193,745,NULL,1,'2005-02-0900:00:00','be69f48d-1691-11df-97a5-7038c432aabf',319

320,1193,747,NULL,1,'2005-02-0900:00:00','be6a9596-1691-11df-97a5-7038c432aabf',320

321,1193,768,NULL,1,'2005-02-0900:00:00','be6a969f-1691-11df-97a5-7038c432aabf',321

322,1193,916,NULL,1,'2005-02-0900:00:00','be6a979f-1691-11df-97a5-7038c432aabf',322

323,1193,919,NULL,1,'2005-02-0900:00:00','be6a98a9-1691-11df-97a5-7038c432aabf',323

324,1193,1067,NULL,1,'2005-02-0900:00:00','be6a99ae-1691-11df-97a5-7038c432aabf',324

325,1193,1131,NULL,1,'2005-02-0900:00:00','be6a9aae-1691-11df-97a5-7038c432aabf',325

326,1193,1194,NULL,1,'2005-02-0900:00:00','be6a9baf-1691-11df-97a5-7038c432aabf',326

327,1193,1195,NULL,1,'2005-02-0900:00:00','be6a9cb4-1691-11df-97a5-7038c432aabf',327

328,1193,5622,NULL,1,'2005-02-0900:00:00','be6a9db9-1691-11df-97a5-7038c432aabf',328

329,1193,5839,NULL,1,'2005-02-0900:00:00','be6a9eb9-1691-11df-97a5-7038c432aabf',329

330,1193,5841,NULL,1,'2005-02-0900:00:00','be6a9fba-1691-11df-97a5-7038c432aabf',330

331,1193,5843,NULL,1,'2005-02-0900:00:00','be6aa0c3-1691-11df-97a5-7038c432aabf',331

332,1198,36,NULL,1,'2005-02-0900:00:00','be6aabe8-1691-11df-97a5-7038c432aabf',332

333,1198,781,NULL,1,'2005-02-0900:00:00','be6aace9-1691-11df-97a5-7038c432aabf',333

334,1198,782,NULL,1,'2005-02-0900:00:00','be6aade5-1691-11df-97a5-7038c432aabf',334

335,1198,783,NULL,1,'2005-02-0900:00:00','be6aaee6-1691-11df-97a5-7038c432aabf',335

336,1198,5261,NULL,1,'2005-02-0900:00:00','be6aafe6-1691-11df-97a5-7038c432aabf',336

337,1198,5622,NULL,1,'2005-02-0900:00:00','be6ab0f0-1691-11df-97a5-7038c432aabf',337

338,1198,5864,NULL,1,'2005-02-0900:00:00','be6ab1f0-1691-11df-97a5-7038c432aabf',338

339,1200,1115,NULL,1,'2005-02-0900:00:00','be6ab2f1-1691-11df-97a5-7038c432aabf',339

340,1200,1116,NULL,1,'2005-02-0900:00:00','be6ab3fe-1691-11df-97a5-7038c432aabf',340

341,1200,6022,NULL,1,'2005-02-0900:00:00','be6ab4ff-1691-11df-97a5-7038c432aabf',341

342,1208,29,NULL,1,'2005-02-0900:00:00','be6ab600-1691-11df-97a5-7038c432aabf',342

343,1208,119,NULL,1,'2005-02-1721:10:12','be6ab704-1691-11df-97a5-7038c432aabf',343

344,1208,161,NULL,1,'2005-02-0900:00:00','be6ab809-1691-11df-97a5-7038c432aabf',344

345,1208,507,NULL,1,'2005-02-0900:00:00','be6ab90a-1691-11df-97a5-7038c432aabf',345

346,1208,823,NULL,1,'2005-02-0900:00:00','be6aba0f-1691-11df-97a5-7038c432aabf',346

347,1208,882,NULL,1,'2005-02-0900:00:00','be6abb14-1691-11df-97a5-7038c432aabf',347

348,1208,5008,NULL,1,'2005-02-0900:00:00','be6abc15-1691-11df-97a5-7038c432aabf',348

349,1208,5009,NULL,1,'2005-02-0900:00:00','be6abd19-1691-11df-97a5-7038c432aabf',349

350,1208,5011,NULL,1,'2005-02-0900:00:00','be6abe16-1691-11df-97a5-7038c432aabf',350

351,1208,5012,NULL,1,'2005-02-0900:00:00','be6abf16-1691-11df-97a5-7038c432aabf',351

352,1208,5013,NULL,1,'2005-02-0900:00:00','be6ac020-1691-11df-97a5-7038c432aabf',352

353,1208,5014,NULL,1,'2005-02-0900:00:00','be6ac120-1691-11df-97a5-7038c432aabf',353

354,1208,5015,NULL,1,'2005-02-0900:00:00','be6ac221-1691-11df-97a5-7038c432aabf',354

355,1208,5016,NULL,1,'2005-02-0900:00:00','be6ac326-1691-11df-97a5-7038c432aabf',355

356,1208,5017,NULL,1,'2005-02-0900:00:00','be6ac426-1691-11df-97a5-7038c432aabf',356

357,1208,5018,NULL,1,'2005-02-0900:00:00','be6ac527-1691-11df-97a5-7038c432aabf',357

358,1208,5020,NULL,1,'2005-02-0900:00:00','be6ac62c-1691-11df-97a5-7038c432aabf',358

359,1208,5021,NULL,1,'2005-02-0900:00:00','be6ac728-1691-11df-97a5-7038c432aabf',359

360,1208,5022,NULL,1,'2005-02-0900:00:00','be6ac82d-1691-11df-97a5-7038c432aabf',360

361,1208,5023,NULL,1,'2005-02-0900:00:00','be6ac936-1691-11df-97a5-7038c432aabf',361

362,1208,5024,NULL,1,'2005-02-0900:00:00','be6aca37-1691-11df-97a5-7038c432aabf',362

363,1208,5025,NULL,1,'2005-02-0900:00:00','be6acb38-1691-11df-97a5-7038c432aabf',363

364,1208,5026,NULL,1,'2005-02-0900:00:00','be6acc3d-1691-11df-97a5-7038c432aabf',364

365,1208,5027,NULL,1,'2005-02-0900:00:00','be6acd42-1691-11df-97a5-7038c432aabf',365

366,1208,5028,NULL,1,'2005-02-0900:00:00','be6ace46-1691-11df-97a5-7038c432aabf',366

367,1208,5029,NULL,1,'2005-02-0900:00:00','be6acf47-1691-11df-97a5-7038c432aabf',367

368,1208,5030,NULL,1,'2005-02-0900:00:00','be6ad048-1691-11df-97a5-7038c432aabf',368

369,1208,5032,NULL,1,'2005-02-0900:00:00','be6ad14d-1691-11df-97a5-7038c432aabf',369

370,1208,5033,NULL,1,'2005-02-0900:00:00','be6ad24d-1691-11df-97a5-7038c432aabf',370

371,1208,5034,NULL,1,'2005-02-0900:00:00','be6ad34e-1691-11df-97a5-7038c432aabf',371

372,1208,5035,NULL,1,'2005-02-0900:00:00','be6ad457-1691-11df-97a5-7038c432aabf',372

373,1208,5037,NULL,1,'2005-02-0900:00:00','be6ad558-1691-11df-97a5-7038c432aabf',373

374,1208,5038,NULL,1,'2005-02-0900:00:00','be6ad658-1691-11df-97a5-7038c432aabf',374

375,1208,5040,NULL,1,'2005-02-0900:00:00','be6ad75d-1691-11df-97a5-7038c432aabf',375

376,1208,5041,NULL,1,'2005-02-0900:00:00','be6ad85e-1691-11df-97a5-7038c432aabf',376

377,1208,5042,NULL,1,'2005-02-0900:00:00','be6ad963-1691-11df-97a5-7038c432aabf',377

378,1208,5043,NULL,1,'2005-02-0900:00:00','be6ada70-1691-11df-97a5-7038c432aabf',378

379,1208,5044,NULL,1,'2005-02-0900:00:00','be6adb75-1691-11df-97a5-7038c432aabf',379

380,1208,5046,NULL,1,'2005-02-0900:00:00','be6adc76-1691-11df-97a5-7038c432aabf',380

381,1208,5048,NULL,1,'2005-02-0900:00:00','be6ae7b0-1691-11df-97a5-7038c432aabf',381

382,1208,5327,NULL,1,'2005-02-0900:00:00','be6ae8b5-1691-11df-97a5-7038c432aabf',382

383,1208,5340,NULL,1,'2005-02-0900:00:00','be6ae9b2-1691-11df-97a5-7038c432aabf',383

384,1208,5345,NULL,1,'2005-02-0900:00:00','be6aeabb-1691-11df-97a5-7038c432aabf',384

385,1208,5354,NULL,1,'2005-02-0900:00:00','be6aebc0-1691-11df-97a5-7038c432aabf',385

386,1209,1201,NULL,1,'2005-02-0900:00:00','be6aecc5-1691-11df-97a5-7038c432aabf',386

387,1209,1202,NULL,1,'2005-02-0900:00:00','be6aedce-1691-11df-97a5-7038c432aabf',387

388,1209,1203,NULL,1,'2005-02-0900:00:00','be6aeee4-1691-11df-97a5-7038c432aabf',388

389,1209,5327,NULL,1,'2005-02-0900:00:00','be6af094-1691-11df-97a5-7038c432aabf',389

390,1224,1220,NULL,1,'2005-02-0900:00:00','be6af22e-1691-11df-97a5-7038c432aabf',390

391,1224,1221,NULL,1,'2005-02-0900:00:00','be6af3c0-1691-11df-97a5-7038c432aabf',391

392,1224,1222,NULL,1,'2005-02-0900:00:00','be6af553-1691-11df-97a5-7038c432aabf',392

393,1224,1223,NULL,1,'2005-02-0900:00:00','be6af6e9-1691-11df-97a5-7038c432aabf',393

394,1225,42,NULL,1,'2005-02-0900:00:00','be6af9e6-1691-11df-97a5-7038c432aabf',394

395,1225,114,NULL,1,'2005-02-0900:00:00','be6afb96-1691-11df-97a5-7038c432aabf',395

396,1225,119,NULL,1,'2005-02-1721:09:36','be6afd35-1691-11df-97a5-7038c432aabf',396

397,1225,204,NULL,1,'2005-02-0900:00:00','be6afed0-1691-11df-97a5-7038c432aabf',397

398,1225,507,NULL,1,'2005-02-0900:00:00','be6b0077-1691-11df-97a5-7038c432aabf',398

399,1225,823,NULL,1,'2005-02-0900:00:00','be6ba267-1691-11df-97a5-7038c432aabf',399

400,1225,825,NULL,1,'2005-02-0900:00:00','be6ba43d-1691-11df-97a5-7038c432aabf',400

401,1225,836,NULL,1,'2005-02-0900:00:00','be6ba614-1691-11df-97a5-7038c432aabf',401

402,1225,882,NULL,1,'2005-02-0900:00:00','be6ba7a2-1691-11df-97a5-7038c432aabf',402

403,1225,1210,NULL,1,'2005-02-0900:00:00','be6ba92b-1691-11df-97a5-7038c432aabf',403

404,1225,1211,NULL,1,'2005-02-0900:00:00','be6baab9-1691-11df-97a5-7038c432aabf',404

405,1225,1212,NULL,1,'2005-02-0900:00:00','be6bac47-1691-11df-97a5-7038c432aabf',405

406,1225,1213,NULL,1,'2005-02-0900:00:00','be6bad43-1691-11df-97a5-7038c432aabf',406

407,1225,1214,NULL,1,'2005-02-0900:00:00','be6bae40-1691-11df-97a5-7038c432aabf',407

408,1225,1215,NULL,1,'2005-02-0900:00:00','be6baf38-1691-11df-97a5-7038c432aabf',408

409,1225,1216,NULL,1,'2005-02-0900:00:00','be6bb02b-1691-11df-97a5-7038c432aabf',409

410,1225,1217,NULL,1,'2005-02-0900:00:00','be6bb128-1691-11df-97a5-7038c432aabf',410

411,1225,1218,NULL,1,'2005-02-0900:00:00','be6bb21c-1691-11df-97a5-7038c432aabf',411

412,1225,1219,NULL,1,'2005-02-0900:00:00','be6bb30f-1691-11df-97a5-7038c432aabf',412

413,1225,5012,NULL,1,'2005-02-0900:00:00','be6bb40c-1691-11df-97a5-7038c432aabf',413

414,1225,5016,NULL,1,'2005-02-0900:00:00','be6bb504-1691-11df-97a5-7038c432aabf',414

415,1225,5018,NULL,1,'2005-02-0900:00:00','be6bb5f3-1691-11df-97a5-7038c432aabf',415

416,1225,5020,NULL,1,'2005-02-0900:00:00','be6bb6f0-1691-11df-97a5-7038c432aabf',416

417,1225,5022,NULL,1,'2005-02-0900:00:00','be6bb7e4-1691-11df-97a5-7038c432aabf',417

418,1225,5024,NULL,1,'2005-02-0900:00:00','be6bb8dc-1691-11df-97a5-7038c432aabf',418

419,1225,5025,NULL,1,'2005-02-0900:00:00','be6bb9d4-1691-11df-97a5-7038c432aabf',419

420,1225,5029,NULL,1,'2005-02-0900:00:00','be6bbac8-1691-11df-97a5-7038c432aabf',420

421,1225,5032,NULL,1,'2005-02-0900:00:00','be6bbbc0-1691-11df-97a5-7038c432aabf',421

422,1225,5033,NULL,1,'2005-02-0900:00:00','be6bbcbc-1691-11df-97a5-7038c432aabf',422

423,1225,5034,NULL,1,'2005-02-0900:00:00','be6bbdb0-1691-11df-97a5-7038c432aabf',423

424,1225,5035,NULL,1,'2005-02-0900:00:00','be6bbea8-1691-11df-97a5-7038c432aabf',424

425,1225,5038,NULL,1,'2005-02-0900:00:00','be6bbfa0-1691-11df-97a5-7038c432aabf',425

426,1225,5043,NULL,1,'2005-02-0900:00:00','be6bc094-1691-11df-97a5-7038c432aabf',426

427,1225,5046,NULL,1,'2005-02-0900:00:00','be6bc190-1691-11df-97a5-7038c432aabf',427

428,1225,5050,NULL,1,'2005-02-0900:00:00','be6bc284-1691-11df-97a5-7038c432aabf',428

429,1225,5327,NULL,1,'2005-02-0900:00:00','be6bc378-1691-11df-97a5-7038c432aabf',429

430,1225,5328,NULL,1,'2005-02-0900:00:00','be6bc474-1691-11df-97a5-7038c432aabf',430

431,1225,5333,NULL,1,'2005-02-0900:00:00','be6bc5ca-1691-11df-97a5-7038c432aabf',431

432,1225,5340,NULL,1,'2005-02-0900:00:00','be6bc6c7-1691-11df-97a5-7038c432aabf',432

433,1225,5345,NULL,1,'2005-02-0900:00:00','be6bc7d0-1691-11df-97a5-7038c432aabf',433

434,1225,5355,NULL,1,'2005-02-0900:00:00','be6bc8d0-1691-11df-97a5-7038c432aabf',434

435,1247,1107,NULL,1,'2005-02-2211:24:46','be6bc9d5-1691-11df-97a5-7038c432aabf',435

436,1247,1160,NULL,1,'2005-02-2211:24:46','be6bcada-1691-11df-97a5-7038c432aabf',436

437,1247,1161,NULL,1,'2005-02-2211:24:46','be6bcbdb-1691-11df-97a5-7038c432aabf',437

438,1247,1162,NULL,1,'2005-02-2211:24:46','be6bcd13-1691-11df-97a5-7038c432aabf',438

439,1247,1163,NULL,1,'2005-02-2211:24:46','be6bce0b-1691-11df-97a5-7038c432aabf',439

440,5219,1068,NULL,1,'2005-01-0600:00:00','be6bceff-1691-11df-97a5-7038c432aabf',440

441,5219,5006,NULL,1,'2005-01-0600:00:00','be6bcff3-1691-11df-97a5-7038c432aabf',441

450,5303,822,NULL,1,'2005-02-0800:00:00','be6bd0ef-1691-11df-97a5-7038c432aabf',450

451,5303,1169,NULL,1,'2005-02-0800:00:00','be6bd1e3-1691-11df-97a5-7038c432aabf',451

452,5310,1115,NULL,1,'2005-02-0900:00:00','be6bd2d3-1691-11df-97a5-7038c432aabf',452

453,5310,1116,NULL,1,'2005-02-0900:00:00','be6bd3cb-1691-11df-97a5-7038c432aabf',453

454,5310,1118,NULL,1,'2005-02-0900:00:00','be6bd4c3-1691-11df-97a5-7038c432aabf',454

455,5319,1090,NULL,1,'2005-01-1200:00:00','be6bd5bb-1691-11df-97a5-7038c432aabf',455

456,5319,1091,NULL,1,'2005-01-1200:00:00','be6bd6b7-1691-11df-97a5-7038c432aabf',456

457,5319,1092,NULL,1,'2005-01-1200:00:00','be6bd7ab-1691-11df-97a5-7038c432aabf',457

458,5319,1093,NULL,1,'2005-01-1200:00:00','be6bd89f-1691-11df-97a5-7038c432aabf',458

459,5319,1094,NULL,1,'2005-01-1200:00:00','be6bd997-1691-11df-97a5-7038c432aabf',459

460,5319,1095,NULL,1,'2005-01-1200:00:00','be6bda8b-1691-11df-97a5-7038c432aabf',460

461,5320,1101,NULL,1,'2005-01-1200:00:00','be6bdb83-1691-11df-97a5-7038c432aabf',461

462,5320,1102,NULL,1,'2005-01-1200:00:00','be6bdc77-1691-11df-97a5-7038c432aabf',462

463,5320,1103,NULL,1,'2005-01-1200:00:00','be6bdd6f-1691-11df-97a5-7038c432aabf',463

464,5320,1104,NULL,1,'2005-01-1200:00:00','be6bde67-1691-11df-97a5-7038c432aabf',464

465,5320,1105,NULL,1,'2005-01-1200:00:00','be6bdf5b-1691-11df-97a5-7038c432aabf',465

466,5320,1106,NULL,1,'2005-01-1200:00:00','be6be053-1691-11df-97a5-7038c432aabf',466

467,5321,1090,NULL,1,'2005-01-1200:00:00','be6be14f-1691-11df-97a5-7038c432aabf',467

468,5321,1097,NULL,1,'2005-01-1200:00:00','be6be247-1691-11df-97a5-7038c432aabf',468

469,5321,1098,NULL,1,'2005-01-1200:00:00','be6be343-1691-11df-97a5-7038c432aabf',469

470,5321,1099,NULL,1,'2005-01-1200:00:00','be6be440-1691-11df-97a5-7038c432aabf',470

471,5321,1100,NULL,1,'2005-01-1200:00:00','be6be538-1691-11df-97a5-7038c432aabf',471

472,5356,1204,NULL,1,'2005-02-2211:42:45','be6be630-1691-11df-97a5-7038c432aabf',472

473,5356,1205,NULL,1,'2005-02-2211:42:45','be6be731-1691-11df-97a5-7038c432aabf',473

474,5356,1206,NULL,1,'2005-02-2211:42:45','be6be829-1691-11df-97a5-7038c432aabf',474

475,5356,1207,NULL,1,'2005-02-2211:42:45','be6be921-1691-11df-97a5-7038c432aabf',475

476,5587,1065,NULL,1,'2005-02-0800:00:00','be6bea1d-1691-11df-97a5-7038c432aabf',476

477,5587,1066,NULL,1,'2005-02-0800:00:00','be6beb15-1691-11df-97a5-7038c432aabf',477

478,5587,1067,NULL,1,'2005-02-0800:00:00','be6bec67-1691-11df-97a5-7038c432aabf',478

479,5605,1049,NULL,1,'2005-01-0600:00:00','be6bed75-1691-11df-97a5-7038c432aabf',479

480,5605,1050,NULL,1,'2005-01-0600:00:00','be6bee79-1691-11df-97a5-7038c432aabf',480

481,5605,1051,NULL,1,'2005-01-0600:00:00','be6bef7e-1691-11df-97a5-7038c432aabf',481

482,5605,1052,NULL,1,'2005-01-0600:00:00','be6bf08c-1691-11df-97a5-7038c432aabf',482

483,5606,1065,NULL,1,'2005-02-0800:00:00','be6bf191-1691-11df-97a5-7038c432aabf',483

484,5606,1066,NULL,1,'2005-02-0800:00:00','be6bf296-1691-11df-97a5-7038c432aabf',484

485,5606,1175,NULL,1,'2005-02-0800:00:00','be6bf39f-1691-11df-97a5-7038c432aabf',485

486,5616,5617,NULL,1,'2005-01-0600:00:00','be6c9204-1691-11df-97a5-7038c432aabf',486

487,5616,5618,NULL,1,'2005-01-0600:00:00','be6c930d-1691-11df-97a5-7038c432aabf',487

488,5616,5619,NULL,1,'2005-01-0600:00:00','be6c9409-1691-11df-97a5-7038c432aabf',488

489,5616,5620,NULL,1,'2005-01-0600:00:00','be6c9505-1691-11df-97a5-7038c432aabf',489

490,5616,5621,NULL,1,'2005-01-0600:00:00','be6c9606-1691-11df-97a5-7038c432aabf',490

491,5616,5622,NULL,1,'2005-01-0600:00:00','be6c96fa-1691-11df-97a5-7038c432aabf',491

492,5630,1170,NULL,1,'2005-02-0800:00:00','be6c97f2-1691-11df-97a5-7038c432aabf',492

493,5630,1171,NULL,1,'2005-02-0800:00:00','be6c98f3-1691-11df-97a5-7038c432aabf',493

494,5630,1172,NULL,1,'2005-02-0800:00:00','be6c99ef-1691-11df-97a5-7038c432aabf',494

495,5630,5622,NULL,1,'2005-02-0800:00:00','be6c9ae7-1691-11df-97a5-7038c432aabf',495

496,5665,1065,NULL,1,'2005-02-2122:27:46','be6c9be3-1691-11df-97a5-7038c432aabf',496

497,5665,1066,NULL,1,'2005-02-2122:27:46','be6c9ce0-1691-11df-97a5-7038c432aabf',497

498,5665,1067,NULL,1,'2005-02-2122:27:46','be6c9dd8-1691-11df-97a5-7038c432aabf',498

499,5958,1075,NULL,1,'2005-01-0600:00:00','be6c9ed9-1691-11df-97a5-7038c432aabf',499

500,5958,1076,NULL,1,'2005-01-0600:00:00','be6c9fd1-1691-11df-97a5-7038c432aabf',500

501,5958,1077,NULL,1,'2005-01-0600:00:00','be6cab0f-1691-11df-97a5-7038c432aabf',501

502,5959,1072,NULL,1,'2005-01-0600:00:00','be6cac10-1691-11df-97a5-7038c432aabf',502

503,5959,1073,NULL,1,'2005-01-0600:00:00','be6cacff-1691-11df-97a5-7038c432aabf',503

504,5959,1074,NULL,1,'2005-01-0600:00:00','be6cadf7-1691-11df-97a5-7038c432aabf',504

505,5962,1072,NULL,1,'2005-01-0600:00:00','be6caef8-1691-11df-97a5-7038c432aabf',505

506,5962,1073,NULL,1,'2005-01-0600:00:00','be6cb071-1691-11df-97a5-7038c432aabf',506

507,5962,1074,NULL,1,'2005-01-0600:00:00','be6cb17a-1691-11df-97a5-7038c432aabf',507

508,5971,1072,NULL,1,'2005-01-0600:00:00','be6cb287-1691-11df-97a5-7038c432aabf',508

509,5971,1073,NULL,1,'2005-01-0600:00:00','be6cb390-1691-11df-97a5-7038c432aabf',509

510,5971,1074,NULL,1,'2005-01-0600:00:00','be6cb6e4-1691-11df-97a5-7038c432aabf',510

511,5976,540,NULL,1,'2005-01-0600:00:00','be6cb81c-1691-11df-97a5-7038c432aabf',511

512,5976,541,NULL,1,'2005-01-0600:00:00','be6cb914-1691-11df-97a5-7038c432aabf',512

513,5976,5139,NULL,1,'2005-01-0600:00:00','be6cba10-1691-11df-97a5-7038c432aabf',513

514,5976,5141,NULL,1,'2005-01-0600:00:00','be6cbb08-1691-11df-97a5-7038c432aabf',514

515,5976,5972,NULL,1,'2005-01-0600:00:00','be6cbc05-1691-11df-97a5-7038c432aabf',515

516,5976,5973,NULL,1,'2005-01-0600:00:00','be6cbd01-1691-11df-97a5-7038c432aabf',516

517,5979,1072,NULL,1,'2005-01-0600:00:00','be6cbdf9-1691-11df-97a5-7038c432aabf',517

518,5979,1073,NULL,1,'2005-01-0600:00:00','be6cbef5-1691-11df-97a5-7038c432aabf',518

519,5979,1074,NULL,1,'2005-01-0600:00:00','be6cbff6-1691-11df-97a5-7038c432aabf',519

520,5981,1072,NULL,1,'2005-01-0600:00:00','be6cc0ee-1691-11df-97a5-7038c432aabf',520

521,5981,1073,NULL,1,'2005-01-0600:00:00','be6cc1e6-1691-11df-97a5-7038c432aabf',521

522,5981,1074,NULL,1,'2005-01-0600:00:00','be6cc2e7-1691-11df-97a5-7038c432aabf',522

523,5981,1079,NULL,1,'2005-01-0600:00:00','be6cc3df-1691-11df-97a5-7038c432aabf',523

524,5984,1072,NULL,1,'2005-01-0600:00:00','be6cc4e0-1691-11df-97a5-7038c432aabf',524

525,5984,1073,NULL,1,'2005-01-0600:00:00','be6cc5d8-1691-11df-97a5-7038c432aabf',525

526,5984,1074,NULL,1,'2005-01-0600:00:00','be6cc6d0-1691-11df-97a5-7038c432aabf',526

527,5984,1079,NULL,1,'2005-01-0600:00:00','be6cc7d0-1691-11df-97a5-7038c432aabf',527

528,5994,1072,NULL,1,'2005-01-0600:00:00','be6cc8c9-1691-11df-97a5-7038c432aabf',528

529,5994,1073,NULL,1,'2005-01-0600:00:00','be6cc9c1-1691-11df-97a5-7038c432aabf',529

530,5994,1074,NULL,1,'2005-01-0600:00:00','be6ccabd-1691-11df-97a5-7038c432aabf',530

531,5996,1072,NULL,1,'2005-01-0600:00:00','be6ccbb5-1691-11df-97a5-7038c432aabf',531

532,5996,1073,NULL,1,'2005-01-0600:00:00','be6cccad-1691-11df-97a5-7038c432aabf',532

533,5996,1074,NULL,1,'2005-01-0600:00:00','be6ccdae-1691-11df-97a5-7038c432aabf',533

534,6018,1072,NULL,1,'2005-02-0900:00:00','be6ccea2-1691-11df-97a5-7038c432aabf',534

535,6018,1073,NULL,1,'2005-02-0900:00:00','be6ccf9a-1691-11df-97a5-7038c432aabf',535

536,6018,1074,NULL,1,'2005-02-0900:00:00','be6cd096-1691-11df-97a5-7038c432aabf',536

565,6065,1107,NULL,1,'2005-02-0800:00:00','be6cd18e-1691-11df-97a5-7038c432aabf',565

566,6065,1160,NULL,1,'2005-02-0800:00:00','be6cd286-1691-11df-97a5-7038c432aabf',566

567,6065,1161,NULL,1,'2005-02-0800:00:00','be6cd387-1691-11df-97a5-7038c432aabf',567

568,6065,1162,NULL,1,'2005-02-0800:00:00','be6cd47f-1691-11df-97a5-7038c432aabf',568

569,6065,1163,NULL,1,'2005-02-0800:00:00','be6cd577-1691-11df-97a5-7038c432aabf',569

570,6077,1107,NULL,1,'2005-02-0800:00:00','be6cd6d1-1691-11df-97a5-7038c432aabf',570

571,6077,1160,NULL,1,'2005-02-0800:00:00','be6cd7db-1691-11df-97a5-7038c432aabf',571

572,6077,1161,NULL,1,'2005-02-0800:00:00','be6cd8e4-1691-11df-97a5-7038c432aabf',572

573,6077,1162,NULL,1,'2005-02-0800:00:00','be6cd9ed-1691-11df-97a5-7038c432aabf',573

574,6077,1163,NULL,1,'2005-02-0800:00:00','be6cdaf2-1691-11df-97a5-7038c432aabf',574

575,6096,1065,NULL,1,'2005-01-0600:00:00','be6cdbfb-1691-11df-97a5-7038c432aabf',575

576,6096,1066,NULL,1,'2005-01-0600:00:00','be6cdd09-1691-11df-97a5-7038c432aabf',576

577,6096,1067,NULL,1,'2005-01-0600:00:00','be6cde0e-1691-11df-97a5-7038c432aabf',577

579,1251,1185,NULL,1,'2005-02-2218:18:55','be6cdf3d-1691-11df-97a5-7038c432aabf',579

580,1251,1148,NULL,1,'2005-02-2218:18:55','be6ce03e-1691-11df-97a5-7038c432aabf',580

615,1271,1019,NULL,1,'2005-02-2220:45:07','be6ce136-1691-11df-97a5-7038c432aabf',615

616,1271,21,NULL,1,'2005-02-2220:45:07','be6ce232-1691-11df-97a5-7038c432aabf',616

617,1271,654,NULL,1,'2005-02-2220:45:07','be6ce32a-1691-11df-97a5-7038c432aabf',617

618,1271,657,NULL,1,'2005-02-2220:45:07','be6ce427-1691-11df-97a5-7038c432aabf',618

619,1271,856,NULL,1,'2005-02-2220:45:07','be6ce51f-1691-11df-97a5-7038c432aabf',619

620,1271,1042,NULL,1,'2005-02-2220:45:07','be6cf4a9-1691-11df-97a5-7038c432aabf',620

621,1271,1030,NULL,1,'2005-02-2220:45:07','be6cf5a5-1691-11df-97a5-7038c432aabf',621

622,1271,790,NULL,1,'2005-02-2220:45:07','be6cf69d-1691-11df-97a5-7038c432aabf',622

623,1271,12,NULL,1,'2005-02-2220:45:07','be6cf795-1691-11df-97a5-7038c432aabf',623

624,1271,5622,NULL,1,'2005-02-2220:45:25','be6cf889-1691-11df-97a5-7038c432aabf',624

626,1272,5486,NULL,1,'2005-02-2220:47:03','be6cf985-1691-11df-97a5-7038c432aabf',626

629,1272,5487,NULL,1,'2005-02-2220:47:03','be6cfa7d-1691-11df-97a5-7038c432aabf',629

630,1272,1167,NULL,1,'2005-02-2220:47:03','be6cfb7a-1691-11df-97a5-7038c432aabf',630

631,1272,5484,NULL,1,'2005-02-2220:47:03','be6d9891-1691-11df-97a5-7038c432aabf',631

632,1272,5488,NULL,1,'2005-02-2220:47:03','be6d99eb-1691-11df-97a5-7038c432aabf',632

633,1272,5489,NULL,1,'2005-02-2220:47:03','be6d9af5-1691-11df-97a5-7038c432aabf',633

635,1273,1274,NULL,1,'2005-02-2221:43:47','be6d9c06-1691-11df-97a5-7038c432aabf',635

636,1273,1275,NULL,1,'2005-02-2221:43:47','be6d9d14-1691-11df-97a5-7038c432aabf',636

637,1273,5622,NULL,1,'2005-02-2221:43:47','be6d9e1d-1691-11df-97a5-7038c432aabf',637

638,1277,1107,NULL,1,'2005-02-2221:52:46','be6d9f44-1691-11df-97a5-7038c432aabf',638

639,1277,1256,NULL,1,'2005-02-2221:52:46','be6da05a-1691-11df-97a5-7038c432aabf',639

640,1277,1257,NULL,1,'2005-02-2221:52:46','be6da14e-1691-11df-97a5-7038c432aabf',640

641,1277,1260,NULL,1,'2005-02-2221:52:46','be6da271-1691-11df-97a5-7038c432aabf',641

657,1263,916,NULL,1,'2005-02-2300:00:00','be6da358-1691-11df-97a5-7038c432aabf',657

658,1263,92,NULL,1,'2005-02-2300:00:00','be6da447-1691-11df-97a5-7038c432aabf',658

659,1264,656,NULL,1,'2005-02-2300:00:00','be6da533-1691-11df-97a5-7038c432aabf',659

665,1278,747,NULL,1,'2005-02-2300:00:00','be6da61e-1691-11df-97a5-7038c432aabf',665

667,1198,886,NULL,1,'2005-02-2321:55:25','be6da709-1691-11df-97a5-7038c432aabf',667

668,1280,36,NULL,1,'2005-02-2321:58:30','be6da7f0-1691-11df-97a5-7038c432aabf',668

669,1280,781,NULL,1,'2005-02-2321:58:30','be6da8d3-1691-11df-97a5-7038c432aabf',669

670,1280,782,NULL,1,'2005-02-2321:58:30','be6da9be-1691-11df-97a5-7038c432aabf',670

671,1280,783,NULL,1,'2005-02-2321:58:30','be6daaa1-1691-11df-97a5-7038c432aabf',671

672,1280,5261,NULL,1,'2005-02-2321:58:30','be6dab88-1691-11df-97a5-7038c432aabf',672

673,1280,5622,NULL,1,'2005-02-2321:58:30','be6dac73-1691-11df-97a5-7038c432aabf',673

674,1280,5864,NULL,1,'2005-02-2321:58:30','be6dad56-1691-11df-97a5-7038c432aabf',674

675,1280,886,NULL,1,'2005-02-2321:58:30','be6dae3d-1691-11df-97a5-7038c432aabf',675

676,1088,630,NULL,1,'2005-02-2300:00:00','be6daf24-1691-11df-97a5-7038c432aabf',676

677,1088,792,2,1,'2005-02-2300:00:00','be6db006-1691-11df-97a5-7038c432aabf',677

679,1088,628,NULL,1,'2005-02-2300:00:00','be6db0ed-1691-11df-97a5-7038c432aabf',679

680,1088,625,5,1,'2005-02-2300:00:00','be6db523-1691-11df-97a5-7038c432aabf',680

682,1088,797,NULL,1,'2005-02-2300:00:00','be6db61b-1691-11df-97a5-7038c432aabf',682

683,1088,814,NULL,1,'2005-02-2300:00:00','be6db70b-1691-11df-97a5-7038c432aabf',683

684,1088,796,9,1,'2005-02-2300:00:00','be6db810-1691-11df-97a5-7038c432aabf',684

686,1088,802,NULL,1,'2005-02-2300:00:00','be6db908-1691-11df-97a5-7038c432aabf',686

687,1088,633,NULL,1,'2005-02-2300:00:00','be6dba04-1691-11df-97a5-7038c432aabf',687

688,1088,631,NULL,1,'2005-02-2300:00:00','be6dbb00-1691-11df-97a5-7038c432aabf',688

689,1088,635,NULL,1,'2005-02-2300:00:00','be6dbbf4-1691-11df-97a5-7038c432aabf',689

690,1088,794,NULL,1,'2005-02-2300:00:00','be6dbcf1-1691-11df-97a5-7038c432aabf',690

692,1272,5490,NULL,1,'2005-02-2323:25:19','be6dcf09-1691-11df-97a5-7038c432aabf',692

693,1272,5622,NULL,1,'2005-02-2323:25:19','be6dcff8-1691-11df-97a5-7038c432aabf',693

694,1272,5483,NULL,1,'2005-02-2323:30:49','be6dd0e8-1691-11df-97a5-7038c432aabf',694

695,1272,1107,NULL,1,'2005-02-2323:32:34','be6dd1cb-1691-11df-97a5-7038c432aabf',695

699,1285,1286,NULL,1,'2005-02-2413:04:31','be6dd2b2-1691-11df-97a5-7038c432aabf',699

700,1285,1287,NULL,1,'2005-02-2413:04:31','be6dd39d-1691-11df-97a5-7038c432aabf',700

701,1272,1288,NULL,1,'2005-02-2511:33:23','be6dd480-1691-11df-97a5-7038c432aabf',701

705,1271,653,NULL,1,'2005-08-0818:11:44','be6dd562-1691-11df-97a5-7038c432aabf',705

706,1271,5473,NULL,1,'2005-08-0818:11:44','be6dd649-1691-11df-97a5-7038c432aabf',706

707,1271,5475,NULL,1,'2005-08-0818:11:44','be6dd72c-1691-11df-97a5-7038c432aabf',707

708,1271,307,NULL,1,'2005-08-0818:11:44','be6dd813-1691-11df-97a5-7038c432aabf',708

709,1271,45,NULL,1,'2005-08-0818:11:44','be6ddaff-1691-11df-97a5-7038c432aabf',709

710,1271,1107,NULL,1,'2005-08-0818:14:39','be6ddbef-1691-11df-97a5-7038c432aabf',710

711,1271,299,NULL,1,'2005-08-0818:14:39','be6ddcde-1691-11df-97a5-7038c432aabf',711

712,1272,5485,NULL,1,'2005-08-0818:19:40','be6ddddf-1691-11df-97a5-7038c432aabf',712

714,1290,1291,NULL,1,'2005-10-2714:49:19','be6ded7a-1691-11df-97a5-7038c432aabf',714

715,1061,181,NULL,1,'2006-02-1320:25:21','be6dee72-1691-11df-97a5-7038c432aabf',715

716,1061,105,NULL,1,'2006-02-1320:25:21','be6def6a-1691-11df-97a5-7038c432aabf',716

717,1061,5622,NULL,1,'2006-02-1320:25:21','be6df089-1691-11df-97a5-7038c432aabf',717

718,1061,1067,NULL,1,'2006-02-1320:25:21','be6df170-1691-11df-97a5-7038c432aabf',718

719,374,5279,NULL,1,'2006-02-1320:52:24','be6df2cf-1691-11df-97a5-7038c432aabf',719

720,374,5278,NULL,1,'2006-02-1320:52:24','be6df425-1691-11df-97a5-7038c432aabf',720

721,374,5275,NULL,1,'2006-02-1320:52:24','be6df57b-1691-11df-97a5-7038c432aabf',721

722,374,5622,NULL,1,'2006-02-1320:52:24','be6e01e5-1691-11df-97a5-7038c432aabf',722

723,374,5276,NULL,1,'2006-02-1320:52:24','be6e033b-1691-11df-97a5-7038c432aabf',723

724,374,190,NULL,1,'2006-02-1320:52:24','be6e0697-1691-11df-97a5-7038c432aabf',724

725,374,780,NULL,1,'2006-02-1320:52:24','be6e07fe-1691-11df-97a5-7038c432aabf',725

726,374,5277,NULL,1,'2006-02-1320:52:24','be6e186f-1691-11df-97a5-7038c432aabf',726

727,909,762,NULL,1,'2006-02-1321:15:23','be6e19ce-1691-11df-97a5-7038c432aabf',727

728,909,5972,NULL,1,'2006-02-1321:15:23','be6e2633-1691-11df-97a5-7038c432aabf',728

729,909,705,NULL,1,'2006-02-1321:15:23','be6e32a6-1691-11df-97a5-7038c432aabf',729

730,909,379,NULL,1,'2006-02-1321:15:23','be6e4dc4-1691-11df-97a5-7038c432aabf',730

731,1069,664,NULL,1,'2006-02-1321:17:45','be6e4ec0-1691-11df-97a5-7038c432aabf',731

732,1070,664,NULL,1,'2006-02-1321:17:56','be6e4fb0-1691-11df-97a5-7038c432aabf',732

733,1071,664,NULL,1,'2006-02-1321:18:10','be6e50ac-1691-11df-97a5-7038c432aabf',733

734,1078,664,NULL,1,'2006-02-1321:18:49','be6e51a4-1691-11df-97a5-7038c432aabf',734

735,1080,664,NULL,1,'2006-02-1321:19:30','be6e5298-1691-11df-97a5-7038c432aabf',735

736,1081,664,NULL,1,'2006-02-1321:20:23','be6e5395-1691-11df-97a5-7038c432aabf',736

737,1082,664,NULL,1,'2006-02-1321:20:34','be6e5488-1691-11df-97a5-7038c432aabf',737

738,1087,814,NULL,1,'2006-02-1321:31:53','be6e5580-1691-11df-97a5-7038c432aabf',738

739,1087,797,NULL,1,'2006-02-1321:31:53','be6e567d-1691-11df-97a5-7038c432aabf',739

740,1087,5424,NULL,1,'2006-02-1321:31:53','be6e5771-1691-11df-97a5-7038c432aabf',740

741,1087,796,NULL,1,'2006-02-1321:31:53','be6e5869-1691-11df-97a5-7038c432aabf',741

742,1087,628,NULL,1,'2006-02-1321:31:53','be6e5965-1691-11df-97a5-7038c432aabf',742

743,1087,633,NULL,1,'2006-02-1321:31:53','be6ef540-1691-11df-97a5-7038c432aabf',743

744,1087,631,NULL,1,'2006-02-1321:31:53','be6ef649-1691-11df-97a5-7038c432aabf',744

745,1087,635,NULL,1,'2006-02-1321:31:53','be6ef745-1691-11df-97a5-7038c432aabf',745

746,1087,625,NULL,1,'2006-02-1321:31:53','be6ef839-1691-11df-97a5-7038c432aabf',746

747,1088,5424,NULL,1,'2006-02-1321:33:11','be6ef982-1691-11df-97a5-7038c432aabf',747

748,966,814,NULL,1,'2006-02-1321:38:00','be6efa8c-1691-11df-97a5-7038c432aabf',748

749,966,797,NULL,1,'2006-02-1321:38:00','be6efb90-1691-11df-97a5-7038c432aabf',749

750,966,5424,NULL,1,'2006-02-1321:38:00','be6efc95-1691-11df-97a5-7038c432aabf',750

751,966,796,NULL,1,'2006-02-1321:38:00','be6efd96-1691-11df-97a5-7038c432aabf',751

752,966,628,NULL,1,'2006-02-1321:38:00','be6efe9b-1691-11df-97a5-7038c432aabf',752

753,966,633,NULL,1,'2006-02-1321:38:00','be6effa0-1691-11df-97a5-7038c432aabf',753

754,966,631,NULL,1,'2006-02-1321:38:00','be6f00a0-1691-11df-97a5-7038c432aabf',754

755,966,635,NULL,1,'2006-02-1321:38:00','be6f01d4-1691-11df-97a5-7038c432aabf',755

756,966,625,NULL,1,'2006-02-1321:38:00','be6f02cd-1691-11df-97a5-7038c432aabf',756

760,1088,792,NULL,1,'2006-02-1414:18:50','be6f03c0-1691-11df-97a5-7038c432aabf',760

761,1088,625,NULL,1,'2006-02-1414:20:06','be6f04b4-1691-11df-97a5-7038c432aabf',761

762,1088,796,10,1,'2006-02-1414:22:55','be6f05b1-1691-11df-97a5-7038c432aabf',762

763,1088,625,6,1,'2006-02-1414:23:58','be6f06ad-1691-11df-97a5-7038c432aabf',763

764,1088,792,3,1,'2006-02-1414:25:46','be6f07a5-1691-11df-97a5-7038c432aabf',764

765,1088,796,NULL,1,'2006-02-1414:26:38','be6f08a1-1691-11df-97a5-7038c432aabf',765

766,1042,1138,NULL,1,'2006-02-1522:09:51','be6f0999-1691-11df-97a5-7038c432aabf',766

767,1042,664,NULL,1,'2006-02-1522:09:51','be6f0a8d-1691-11df-97a5-7038c432aabf',767

768,1042,703,NULL,1,'2006-02-1522:09:51','be6f0b85-1691-11df-97a5-7038c432aabf',768

769,1151,1173,NULL,1,'2006-04-1423:21:33','be6f0c7d-1691-11df-97a5-7038c432aabf',769

770,1151,1152,NULL,1,'2006-04-1423:21:33','be6f0d71-1691-11df-97a5-7038c432aabf',770

771,1151,5254,NULL,1,'2006-04-1423:21:33','be6f0e69-1691-11df-97a5-7038c432aabf',771

772,1151,1150,NULL,1,'2006-04-1423:21:33','be6f0f61-1691-11df-97a5-7038c432aabf',772

773,1151,6046,NULL,1,'2006-04-1423:21:33','be6f1051-1691-11df-97a5-7038c432aabf',773

774,1151,5526,NULL,1,'2006-04-1423:21:33','be6f114d-1691-11df-97a5-7038c432aabf',774

775,1151,968,NULL,1,'2006-04-1423:21:33','be6f1241-1691-11df-97a5-7038c432aabf',775

780,5282,1143,NULL,1,'2006-04-1509:35:11','be6f1339-1691-11df-97a5-7038c432aabf',780

781,5282,977,NULL,1,'2006-04-1509:35:11','be6f1431-1691-11df-97a5-7038c432aabf',781

782,5282,1168,NULL,1,'2006-04-1509:35:11','be6f1529-1691-11df-97a5-7038c432aabf',782

783,5282,1141,NULL,1,'2006-04-1509:35:11','be6f161d-1691-11df-97a5-7038c432aabf',783

784,5282,1140,NULL,1,'2006-04-1509:35:11','be6f1715-1691-11df-97a5-7038c432aabf',784

785,5282,1139,NULL,1,'2006-04-1509:35:11','be6f180d-1691-11df-97a5-7038c432aabf',785

786,5282,5269,NULL,1,'2006-04-1509:35:11','be6f1901-1691-11df-97a5-7038c432aabf',786

787,5282,5622,NULL,1,'2006-04-1509:35:11','be6f19fd-1691-11df-97a5-7038c432aabf',787

788,5282,1144,NULL,1,'2006-04-1509:35:11','be6f1af1-1691-11df-97a5-7038c432aabf',788

789,5282,1142,NULL,1,'2006-04-1509:35:11','be6f1be9-1691-11df-97a5-7038c432aabf',789

790,969,973,NULL,1,'2006-04-1509:56:01','be6f1ce1-1691-11df-97a5-7038c432aabf',790

791,969,971,NULL,1,'2006-04-1509:56:01','be6f1dd9-1691-11df-97a5-7038c432aabf',791

792,969,975,NULL,1,'2006-04-1509:56:01','be6f1ed2-1691-11df-97a5-7038c432aabf',792

793,969,5620,NULL,1,'2006-04-1509:56:01','be6f1fc5-1691-11df-97a5-7038c432aabf',793

794,969,972,NULL,1,'2006-04-1509:56:01','be6f2113-1691-11df-97a5-7038c432aabf',794

795,969,970,NULL,1,'2006-04-1509:56:01','be6f2218-1691-11df-97a5-7038c432aabf',795

796,979,973,NULL,1,'2006-04-1510:08:38','be6f231d-1691-11df-97a5-7038c432aabf',796

797,979,971,NULL,1,'2006-04-1510:08:38','be6f2422-1691-11df-97a5-7038c432aabf',797

798,979,975,NULL,1,'2006-04-1510:08:38','be6f2527-1691-11df-97a5-7038c432aabf',798

799,979,5620,NULL,1,'2006-04-1510:08:38','be6f2627-1691-11df-97a5-7038c432aabf',799

800,979,978,NULL,1,'2006-04-1510:08:38','be6f2728-1691-11df-97a5-7038c432aabf',800

801,979,972,NULL,1,'2006-04-1510:08:38','be6f2864-1691-11df-97a5-7038c432aabf',801

802,979,970,NULL,1,'2006-04-1510:08:38','be6f2958-1691-11df-97a5-7038c432aabf',802

803,1255,1257,NULL,1,'2006-04-1510:26:14','be6f2a4c-1691-11df-97a5-7038c432aabf',803

804,1255,1107,NULL,1,'2006-04-1510:26:14','be6f2b44-1691-11df-97a5-7038c432aabf',804

805,1255,1256,NULL,1,'2006-04-1510:26:14','be6f2c38-1691-11df-97a5-7038c432aabf',805

806,1255,1260,NULL,1,'2006-04-1510:26:14','be6f2d2c-1691-11df-97a5-7038c432aabf',806

807,1255,1259,NULL,1,'2006-04-1510:26:14','be6f2e24-1691-11df-97a5-7038c432aabf',807

808,1255,981,NULL,1,'2006-04-1510:26:14','be6f2f1c-1691-11df-97a5-7038c432aabf',808

809,1255,1258,NULL,1,'2006-04-1510:26:14','be6f3010-1691-11df-97a5-7038c432aabf',809

810,1252,843,NULL,1,'2006-04-1510:33:40','be6f3108-1691-11df-97a5-7038c432aabf',810

811,1252,983,NULL,1,'2006-04-1510:33:40','be6f31fc-1691-11df-97a5-7038c432aabf',811

812,1252,102,NULL,1,'2006-04-1510:33:40','be6f32ef-1691-11df-97a5-7038c432aabf',812

813,1252,5622,NULL,1,'2006-04-1510:33:40','be6f33ec-1691-11df-97a5-7038c432aabf',813

814,1252,1253,NULL,1,'2006-04-1510:33:40','be6f34e0-1691-11df-97a5-7038c432aabf',814

815,1261,1257,NULL,1,'2006-04-1510:34:03','be6f35d3-1691-11df-97a5-7038c432aabf',815

816,1261,1107,NULL,1,'2006-04-1510:34:03','be6f36cb-1691-11df-97a5-7038c432aabf',816

817,1261,1256,NULL,1,'2006-04-1510:34:03','be6f37bb-1691-11df-97a5-7038c432aabf',817

818,1261,1260,NULL,1,'2006-04-1510:34:03','be6f38af-1691-11df-97a5-7038c432aabf',818

819,1261,1259,NULL,1,'2006-04-1510:34:03','be6f39ab-1691-11df-97a5-7038c432aabf',819

820,1261,981,NULL,1,'2006-04-1510:34:03','be6f3a9b-1691-11df-97a5-7038c432aabf',820

825,1265,1257,NULL,1,'2006-04-1510:35:16','be6fdd5c-1691-11df-97a5-7038c432aabf',825

826,1265,1107,NULL,1,'2006-04-1510:35:16','be6fde5c-1691-11df-97a5-7038c432aabf',826

827,1265,1256,NULL,1,'2006-04-1510:35:16','be6fdf48-1691-11df-97a5-7038c432aabf',827

828,1265,1260,NULL,1,'2006-04-1510:35:16','be6fe040-1691-11df-97a5-7038c432aabf',828

829,1265,981,NULL,1,'2006-04-1510:35:16','be6fe138-1691-11df-97a5-7038c432aabf',829

830,1266,983,NULL,1,'2006-04-1510:37:26','be6fe22c-1691-11df-97a5-7038c432aabf',830

831,1266,58,NULL,1,'2006-04-1510:37:26','be6fe324-1691-11df-97a5-7038c432aabf',831

832,1266,1267,NULL,1,'2006-04-1510:37:26','be6fe47a-1691-11df-97a5-7038c432aabf',832

833,1266,102,NULL,1,'2006-04-1510:37:26','be6fe57b-1691-11df-97a5-7038c432aabf',833

834,1266,5622,NULL,1,'2006-04-1510:37:26','be6fe684-1691-11df-97a5-7038c432aabf',834

841,1269,983,NULL,1,'2006-04-1510:39:52','be6fe789-1691-11df-97a5-7038c432aabf',841

842,1269,1267,NULL,1,'2006-04-1510:39:52','be6fe88e-1691-11df-97a5-7038c432aabf',842

843,1269,102,NULL,1,'2006-04-1510:39:52','be6fe992-1691-11df-97a5-7038c432aabf',843

844,1269,5622,NULL,1,'2006-04-1510:39:52','be6fea93-1691-11df-97a5-7038c432aabf',844

851,985,1173,NULL,1,'2006-04-1510:45:00','be6febcb-1691-11df-97a5-7038c432aabf',851

852,985,1152,NULL,1,'2006-04-1510:45:00','be6fecc3-1691-11df-97a5-7038c432aabf',852

853,985,5254,NULL,1,'2006-04-1510:45:00','be6fedc4-1691-11df-97a5-7038c432aabf',853

854,985,1150,NULL,1,'2006-04-1510:45:00','be6fef56-1691-11df-97a5-7038c432aabf',854

855,985,6046,NULL,1,'2006-04-1510:45:00','be6ff0d7-1691-11df-97a5-7038c432aabf',855

856,985,5526,NULL,1,'2006-04-1510:45:00','be6ff24f-1691-11df-97a5-7038c432aabf',856

857,985,968,NULL,1,'2006-04-1510:45:00','be6ff3d0-1691-11df-97a5-7038c432aabf',857

858,986,987,NULL,1,'2006-04-1510:45:33','be6ff679-1691-11df-97a5-7038c432aabf',858

859,986,988,NULL,1,'2006-04-1510:45:33','be6ff802-1691-11df-97a5-7038c432aabf',859

860,986,989,NULL,1,'2006-04-1510:45:33','be6ff998-1691-11df-97a5-7038c432aabf',860

861,986,5622,NULL,1,'2006-04-1510:45:33','be6ffb26-1691-11df-97a5-7038c432aabf',861

862,1166,5334,NULL,1,'2006-04-1511:30:35','be6ffcab-1691-11df-97a5-7038c432aabf',862

863,1166,512,NULL,1,'2006-04-1511:30:35','be6ffe35-1691-11df-97a5-7038c432aabf',863

864,1166,644,NULL,1,'2006-04-1511:30:35','be6fffcb-1691-11df-97a5-7038c432aabf',864

865,1166,460,NULL,1,'2006-04-1511:30:35','be700155-1691-11df-97a5-7038c432aabf',865

866,1262,982,NULL,1,'2006-04-1511:54:13','be7002de-1691-11df-97a5-7038c432aabf',866

867,1262,983,NULL,1,'2006-04-1511:54:13','be70046c-1691-11df-97a5-7038c432aabf',867

868,1262,1254,NULL,1,'2006-04-1511:54:13','be7005fa-1691-11df-97a5-7038c432aabf',868

869,1262,102,NULL,1,'2006-04-1511:54:13','be700783-1691-11df-97a5-7038c432aabf',869

870,1262,5622,NULL,1,'2006-04-1511:54:13','be700911-1691-11df-97a5-7038c432aabf',870

879,1268,1257,NULL,1,'2006-04-1614:45:32','be700af0-1691-11df-97a5-7038c432aabf',879

880,1268,1107,NULL,1,'2006-04-1614:45:32','be700cd4-1691-11df-97a5-7038c432aabf',880

881,1268,1256,NULL,1,'2006-04-1614:45:32','be700e7b-1691-11df-97a5-7038c432aabf',881

882,1268,1260,NULL,1,'2006-04-1614:45:32','be70101a-1691-11df-97a5-7038c432aabf',882

883,1268,1259,NULL,1,'2006-04-1614:45:32','be7011c1-1691-11df-97a5-7038c432aabf',883

884,1268,981,NULL,1,'2006-04-1614:45:32','be70138b-1691-11df-97a5-7038c432aabf',884

885,1111,5829,NULL,1,'2006-04-1616:59:16','be70150c-1691-11df-97a5-7038c432aabf',885

886,1111,438,NULL,1,'2006-04-1616:59:16','be70169a-1691-11df-97a5-7038c432aabf',886

887,1111,1131,NULL,1,'2006-04-1616:59:16','be701828-1691-11df-97a5-7038c432aabf',887

888,1111,1107,NULL,1,'2006-04-1616:59:16','be7019b1-1691-11df-97a5-7038c432aabf',888

889,1111,745,NULL,1,'2006-04-1616:59:16','be701b3f-1691-11df-97a5-7038c432aabf',889

890,1111,768,NULL,1,'2006-04-1616:59:16','be701cc8-1691-11df-97a5-7038c432aabf',890

891,1111,656,NULL,1,'2006-04-1616:59:16','be701e52-1691-11df-97a5-7038c432aabf',891

892,1111,1194,NULL,1,'2006-04-1616:59:16','be701fe0-1691-11df-97a5-7038c432aabf',892

893,1111,767,NULL,1,'2006-04-1616:59:16','be702169-1691-11df-97a5-7038c432aabf',893

894,1111,1108,NULL,1,'2006-04-1616:59:16','be7022f3-1691-11df-97a5-7038c432aabf',894

895,1250,794,NULL,1,'2006-04-1702:47:15','be702480-1691-11df-97a5-7038c432aabf',895

896,1250,797,NULL,1,'2006-04-1702:47:15','be702579-1691-11df-97a5-7038c432aabf',896

897,1250,792,3,1,'2006-04-1702:47:15','be70266c-1691-11df-97a5-7038c432aabf',897

898,1250,796,NULL,1,'2006-04-1702:47:15','be70276d-1691-11df-97a5-7038c432aabf',898

899,1250,628,NULL,1,'2006-04-1702:47:15','be702865-1691-11df-97a5-7038c432aabf',899

900,1250,625,5,1,'2006-04-1702:47:15','be702959-1691-11df-97a5-7038c432aabf',900

901,1250,625,6,1,'2006-04-1702:47:15','be702a55-1691-11df-97a5-7038c432aabf',901

902,1250,796,9,1,'2006-04-1702:47:15','be702b49-1691-11df-97a5-7038c432aabf',902

903,1250,625,NULL,1,'2006-04-1702:47:15','be702c45-1691-11df-97a5-7038c432aabf',903

904,1250,635,NULL,1,'2006-04-1702:47:15','be702d3d-1691-11df-97a5-7038c432aabf',904

905,1250,814,NULL,1,'2006-04-1702:47:15','be702e31-1691-11df-97a5-7038c432aabf',905

906,1250,796,10,1,'2006-04-1702:47:15','be702f2e-1691-11df-97a5-7038c432aabf',906

907,1250,792,2,1,'2006-04-1702:47:15','be703026-1691-11df-97a5-7038c432aabf',907

908,1250,633,NULL,1,'2006-04-1702:47:15','be70311a-1691-11df-97a5-7038c432aabf',908

909,1250,631,NULL,1,'2006-04-1702:47:15','be703270-1691-11df-97a5-7038c432aabf',909

910,1250,802,NULL,1,'2006-04-1702:47:15','be703370-1691-11df-97a5-7038c432aabf',910

911,1250,630,NULL,1,'2006-04-1702:47:15','be703475-1691-11df-97a5-7038c432aabf',911

912,984,886,NULL,1,'2006-04-1704:03:59','be70357e-1691-11df-97a5-7038c432aabf',912

913,984,783,NULL,1,'2006-04-1704:03:59','be703683-1691-11df-97a5-7038c432aabf',913

914,984,781,NULL,1,'2006-04-1704:03:59','be703784-1691-11df-97a5-7038c432aabf',914

915,984,1107,NULL,1,'2006-04-1704:03:59','be703889-1691-11df-97a5-7038c432aabf',915

916,984,782,NULL,1,'2006-04-1704:03:59','be70d278-1691-11df-97a5-7038c432aabf',916

917,984,5261,NULL,1,'2006-04-1704:03:59','be70d381-1691-11df-97a5-7038c432aabf',917

918,984,36,NULL,1,'2006-04-1704:03:59','be70d48a-1691-11df-97a5-7038c432aabf',918

919,1270,5829,NULL,1,'2006-04-1704:05:21','be70d593-1691-11df-97a5-7038c432aabf',919

920,1270,438,NULL,1,'2006-04-1704:05:21','be70d6bf-1691-11df-97a5-7038c432aabf',920

921,1270,1131,NULL,1,'2006-04-1704:05:21','be70d7bb-1691-11df-97a5-7038c432aabf',921

922,1270,745,NULL,1,'2006-04-1704:05:21','be70d8af-1691-11df-97a5-7038c432aabf',922

923,1270,768,NULL,1,'2006-04-1704:05:21','be70d9a3-1691-11df-97a5-7038c432aabf',923

924,1270,656,NULL,1,'2006-04-1704:05:21','be70da9b-1691-11df-97a5-7038c432aabf',924

925,1270,1194,NULL,1,'2006-04-1704:05:21','be70db8e-1691-11df-97a5-7038c432aabf',925

926,1270,767,NULL,1,'2006-04-1704:05:21','be70dc8f-1691-11df-97a5-7038c432aabf',926

927,1270,1108,NULL,1,'2006-04-1704:05:21','be70dd83-1691-11df-97a5-7038c432aabf',927

928,1030,1138,NULL,1,'2006-04-1705:12:28','be70de77-1691-11df-97a5-7038c432aabf',928

929,1030,664,NULL,1,'2006-04-1705:12:28','be70df6b-1691-11df-97a5-7038c432aabf',929

930,1030,703,NULL,1,'2006-04-1705:12:28','be70e05e-1691-11df-97a5-7038c432aabf',930

931,6048,5340,NULL,1,'2006-04-1817:15:52','be70e152-1691-11df-97a5-7038c432aabf',931

932,6048,5339,NULL,1,'2006-04-1817:15:52','be70e24a-1691-11df-97a5-7038c432aabf',932

933,6048,5042,NULL,1,'2006-04-1817:15:52','be70e347-1691-11df-97a5-7038c432aabf',933

934,6048,5329,NULL,1,'2006-04-1817:15:52','be70e43f-1691-11df-97a5-7038c432aabf',934

935,6048,823,NULL,1,'2006-04-1817:15:52','be70e53f-1691-11df-97a5-7038c432aabf',935

936,6048,507,NULL,1,'2006-04-1817:15:52','be70e637-1691-11df-97a5-7038c432aabf',936

937,6048,5327,NULL,1,'2006-04-1817:15:52','be70e734-1691-11df-97a5-7038c432aabf',937

938,6048,5043,NULL,1,'2006-04-1817:15:52','be70e830-1691-11df-97a5-7038c432aabf',938

939,6048,5344,NULL,1,'2006-04-1817:15:52','be70e928-1691-11df-97a5-7038c432aabf',939

940,6048,5345,NULL,1,'2006-04-1817:15:52','be70ea20-1691-11df-97a5-7038c432aabf',940

941,6048,5334,NULL,1,'2006-04-1817:15:52','be70eb21-1691-11df-97a5-7038c432aabf',941

942,6048,5035,NULL,1,'2006-04-1817:15:52','be70ec19-1691-11df-97a5-7038c432aabf',942

943,6048,990,NULL,1,'2006-04-1817:15:52','be70ed15-1691-11df-97a5-7038c432aabf',943

944,6048,5350,NULL,1,'2006-04-1817:15:52','be70ee12-1691-11df-97a5-7038c432aabf',944

945,6048,5033,NULL,1,'2006-04-1817:15:52','be70ef0a-1691-11df-97a5-7038c432aabf',945

946,6048,5030,NULL,1,'2006-04-1817:15:52','be70f006-1691-11df-97a5-7038c432aabf',946

947,6048,5034,NULL,1,'2006-04-1817:15:52','be70f107-1691-11df-97a5-7038c432aabf',947

948,6048,5332,NULL,1,'2006-04-1817:15:52','be70f1ff-1691-11df-97a5-7038c432aabf',948

949,6048,5027,NULL,1,'2006-04-1817:15:52','be70f2f7-1691-11df-97a5-7038c432aabf',949

950,6048,5328,NULL,1,'2006-04-1817:15:52','be70f3f8-1691-11df-97a5-7038c432aabf',950

951,6048,5337,NULL,1,'2006-04-1817:15:52','be70f549-1691-11df-97a5-7038c432aabf',951

952,6048,5354,NULL,1,'2006-04-1817:15:52','be70f64e-1691-11df-97a5-7038c432aabf',952

953,6048,5041,NULL,1,'2006-04-1817:15:52','be70f75c-1691-11df-97a5-7038c432aabf',953

954,6048,882,NULL,1,'2006-04-1817:15:52','be70f865-1691-11df-97a5-7038c432aabf',954

955,6048,5046,NULL,1,'2006-04-1817:15:52','be70f96e-1691-11df-97a5-7038c432aabf',955

956,6048,5330,NULL,1,'2006-04-1817:15:52','be70fa77-1691-11df-97a5-7038c432aabf',956

957,6048,5338,NULL,1,'2006-04-1817:15:52','be70fb7c-1691-11df-97a5-7038c432aabf',957

958,6048,5018,NULL,1,'2006-04-1817:15:52','be70fc8a-1691-11df-97a5-7038c432aabf',958

959,6048,5012,NULL,1,'2006-04-1817:15:52','be70fdbe-1691-11df-97a5-7038c432aabf',959

960,844,1301,NULL,1,'2006-06-0517:04:42','be70feba-1691-11df-97a5-7038c432aabf',960

961,844,1302,NULL,1,'2006-06-0517:06:49','be70ffb7-1691-11df-97a5-7038c432aabf',961

962,844,1300,NULL,1,'2006-06-0517:06:49','be7100af-1691-11df-97a5-7038c432aabf',962

963,844,1303,NULL,1,'2006-06-0517:06:49','be7101a7-1691-11df-97a5-7038c432aabf',963

964,844,1304,NULL,1,'2006-06-0517:06:49','be7102a3-1691-11df-97a5-7038c432aabf',964

966,1305,1306,NULL,1,'2006-06-0517:21:54','be71039b-1691-11df-97a5-7038c432aabf',966

967,1305,1304,NULL,1,'2006-06-0517:21:54','be710493-1691-11df-97a5-7038c432aabf',967

968,45,1304,NULL,1,'2006-06-0614:14:49','be710594-1691-11df-97a5-7038c432aabf',968

969,299,1304,NULL,1,'2006-06-0614:17:27','be71068c-1691-11df-97a5-7038c432aabf',969

970,1031,1311,NULL,1,'2006-06-0614:25:47','be710784-1691-11df-97a5-7038c432aabf',970

971,1031,1312,NULL,1,'2006-06-0614:25:47','be710885-1691-11df-97a5-7038c432aabf',971

972,1031,1313,NULL,1,'2006-06-0614:25:47','be71097d-1691-11df-97a5-7038c432aabf',972

973,1031,1314,NULL,1,'2006-06-0614:25:47','be710a75-1691-11df-97a5-7038c432aabf',973

974,1031,1315,NULL,1,'2006-06-0614:25:47','be710b75-1691-11df-97a5-7038c432aabf',974

975,1031,1316,NULL,1,'2006-06-0614:25:47','be711a43-1691-11df-97a5-7038c432aabf',975

976,1031,1317,NULL,1,'2006-06-0614:25:47','be711b3b-1691-11df-97a5-7038c432aabf',976

977,1031,1304,NULL,1,'2006-06-0614:26:22','be711c89-1691-11df-97a5-7038c432aabf',977

978,1032,703,NULL,1,'2006-06-0614:28:36','be711d9b-1691-11df-97a5-7038c432aabf',978

979,1032,664,NULL,1,'2006-06-0614:28:36','be711ea8-1691-11df-97a5-7038c432aabf',979

980,1032,1300,NULL,1,'2006-06-0614:28:36','be711fad-1691-11df-97a5-7038c432aabf',980

981,1032,1304,NULL,1,'2006-06-0614:28:36','be7120b6-1691-11df-97a5-7038c432aabf',981

982,908,1300,NULL,1,'2006-06-0614:34:24','be7121c4-1691-11df-97a5-7038c432aabf',982

983,908,1304,NULL,1,'2006-06-0614:34:24','be7122c9-1691-11df-97a5-7038c432aabf',983

984,1042,1304,NULL,1,'2006-06-0615:32:09','be7123cd-1691-11df-97a5-7038c432aabf',984

985,1040,1304,NULL,1,'2006-06-0615:42:26','be712506-1691-11df-97a5-7038c432aabf',985

986,1047,703,NULL,1,'2006-06-0616:05:47','be7125fe-1691-11df-97a5-7038c432aabf',986

987,1047,664,NULL,1,'2006-06-0616:05:47','be7126f6-1691-11df-97a5-7038c432aabf',987

988,1047,1138,NULL,1,'2006-06-0616:05:47','be71bff5-1691-11df-97a5-7038c432aabf',988

989,1047,1304,NULL,1,'2006-06-0616:05:47','be71c12d-1691-11df-97a5-7038c432aabf',989

990,1034,703,NULL,1,'2006-06-0616:16:57','be71c22a-1691-11df-97a5-7038c432aabf',990

991,1034,664,NULL,1,'2006-06-0616:16:57','be71c326-1691-11df-97a5-7038c432aabf',991

992,1034,1300,NULL,1,'2006-06-0616:16:57','be71c422-1691-11df-97a5-7038c432aabf',992

993,1034,1304,NULL,1,'2006-06-0616:16:57','be71c51a-1691-11df-97a5-7038c432aabf',993

994,1038,703,NULL,1,'2006-06-0616:17:50','be71c617-1691-11df-97a5-7038c432aabf',994

995,1038,664,NULL,1,'2006-06-0616:17:50','be71c70f-1691-11df-97a5-7038c432aabf',995

996,1038,1300,NULL,1,'2006-06-0616:17:50','be71c80b-1691-11df-97a5-7038c432aabf',996

997,1038,1304,NULL,1,'2006-06-0616:17:50','be71c90c-1691-11df-97a5-7038c432aabf',997

998,1039,703,NULL,1,'2006-06-0616:18:46','be71ca04-1691-11df-97a5-7038c432aabf',998

999,1039,664,NULL,1,'2006-06-0616:18:46','be71cb00-1691-11df-97a5-7038c432aabf',999

1000,1039,1300,NULL,1,'2006-06-0616:18:46','be71cbfd-1691-11df-97a5-7038c432aabf',1000

1001,1039,1304,NULL,1,'2006-06-0616:18:46','be71ccf9-1691-11df-97a5-7038c432aabf',1001

1002,1046,703,NULL,1,'2006-06-0616:19:36','be71cdf1-1691-11df-97a5-7038c432aabf',1002

1003,1046,664,NULL,1,'2006-06-0616:19:36','be71cef2-1691-11df-97a5-7038c432aabf',1003

1004,1046,1300,NULL,1,'2006-06-0616:19:36','be71cfea-1691-11df-97a5-7038c432aabf',1004

1005,1046,1304,NULL,1,'2006-06-0616:19:36','be71d0e6-1691-11df-97a5-7038c432aabf',1005

1006,1322,703,NULL,1,'2006-06-0617:04:08','be71d1e3-1691-11df-97a5-7038c432aabf',1006

1007,1322,664,NULL,1,'2006-06-0617:04:08','be71d2df-1691-11df-97a5-7038c432aabf',1007

1008,1322,1138,NULL,1,'2006-06-0617:04:08','be71d3db-1691-11df-97a5-7038c432aabf',1008

1009,1322,1304,NULL,1,'2006-06-0617:04:08','be71d4d3-1691-11df-97a5-7038c432aabf',1009

1010,1325,703,NULL,1,'2006-06-0709:33:32','be71d5cb-1691-11df-97a5-7038c432aabf',1010

1011,1325,664,NULL,1,'2006-06-0709:33:32','be71d6c8-1691-11df-97a5-7038c432aabf',1011

1012,1325,1304,NULL,1,'2006-06-0709:33:32','be71d7c0-1691-11df-97a5-7038c432aabf',1012

1013,1325,1138,NULL,1,'2006-06-0709:33:32','be71d8bc-1691-11df-97a5-7038c432aabf',1013

1014,1326,703,NULL,1,'2006-06-0713:36:30','be71d9b9-1691-11df-97a5-7038c432aabf',1014

1015,1326,664,NULL,1,'2006-06-0713:36:30','be71dab5-1691-11df-97a5-7038c432aabf',1015

1016,1326,1304,NULL,1,'2006-06-0713:36:30','be71dbb1-1691-11df-97a5-7038c432aabf',1016

1017,5002,5622,NULL,1,'2008-01-0208:30:12','be71dcb6-1691-11df-97a5-7038c432aabf',1017

1018,5002,1107,NULL,1,'2008-01-0208:30:12','be71ddb3-1691-11df-97a5-7038c432aabf',1018

1019,6098,5622,NULL,1,'2008-01-0208:30:14','be71deb3-1691-11df-97a5-7038c432aabf',1019

1020,6098,1107,NULL,1,'2008-01-0208:30:14','be71e016-1691-11df-97a5-7038c432aabf',1020