form_field_id,form_id,field_id,field_number,field_part,page_number,parent_form_field,min_occurs,max_occurs,required,changed_by,date_changed,creator,date_created,sort_weight,uuid

2,1,2,1,'',NULL,NULL,NULL,NULL,0,1,'2006-07-1811:11:53',1,'2006-07-1811:04:36',10.00000,'c06395f8-1691-11df-97a5-7038c432aabf'

3,1,3,2,'',NULL,NULL,NULL,NULL,0,1,'2006-07-1811:12:05',1,'2006-07-1811:06:52',20.00000,'c063a1f7-1691-11df-97a5-7038c432aabf'

5,1,5,3,'',NULL,NULL,NULL,NULL,0,1,'2006-07-1811:13:59',1,'2006-07-1811:13:57',30.00000,'c063b0c5-1691-11df-97a5-7038c432aabf'

6,1,6,NULL,'',NULL,2,NULL,NULL,0,1,'2006-07-1811:15:18',1,'2006-07-1811:15:18',50.00000,'c063b637-1691-11df-97a5-7038c432aabf'

7,1,7,NULL,'',NULL,2,NULL,NULL,0,1,'2006-07-1811:15:58',1,'2006-07-1811:15:58',60.00000,'c063bba1-1691-11df-97a5-7038c432aabf'

8,1,8,NULL,'',NULL,2,NULL,NULL,0,1,'2006-07-1811:16:50',1,'2006-07-1811:16:50',70.00000,'c063c0f1-1691-11df-97a5-7038c432aabf'

9,1,9,NULL,'',NULL,2,NULL,NULL,0,1,'2006-07-1811:18:36',1,'2006-07-1811:17:27',80.00000,'c063c657-1691-11df-97a5-7038c432aabf'

10,1,10,NULL,'',NULL,2,NULL,NULL,0,1,'2006-07-1811:18:54',1,'2006-07-1811:18:54',100.00000,'c063cc12-1691-11df-97a5-7038c432aabf'

11,1,11,NULL,'',NULL,2,NULL,NULL,0,1,'2006-07-1811:20:00',1,'2006-07-1811:20:00',90.00000,'c063d159-1691-11df-97a5-7038c432aabf'

12,1,12,NULL,'',NULL,2,NULL,NULL,1,1,'2006-07-1811:20:31',1,'2006-07-1811:20:31',110.00000,'c063d694-1691-11df-97a5-7038c432aabf'

13,1,13,NULL,'',NULL,2,NULL,NULL,0,1,'2006-07-1811:20:53',1,'2006-07-1811:20:53',120.00000,'c063dbe4-1691-11df-97a5-7038c432aabf'

14,1,14,NULL,'',NULL,2,NULL,NULL,0,1,'2006-07-1811:21:43',1,'2006-07-1811:21:43',130.00000,'c063f9eb-1691-11df-97a5-7038c432aabf'

15,1,15,NULL,'',NULL,2,NULL,NULL,0,1,'2006-07-1811:22:06',1,'2006-07-1811:22:06',140.00000,'c063ff6e-1691-11df-97a5-7038c432aabf'

16,1,16,NULL,'',NULL,2,NULL,NULL,0,1,'2006-07-1811:22:28',1,'2006-07-1811:22:28',150.00000,'c06404a5-1691-11df-97a5-7038c432aabf'

17,1,17,NULL,'',NULL,3,NULL,NULL,1,1,'2006-07-1811:24:14',1,'2006-07-1811:23:06',160.00000,'c0655e11-1691-11df-97a5-7038c432aabf'

18,1,18,NULL,'',NULL,3,NULL,NULL,1,1,'2006-07-1811:23:49',1,'2006-07-1811:23:49',170.00000,'c065649a-1691-11df-97a5-7038c432aabf'

19,1,19,NULL,'',NULL,3,NULL,NULL,1,1,'2006-07-1811:24:11',1,'2006-07-1811:24:11',180.00000,'c06569fb-1691-11df-97a5-7038c432aabf'

20,1,20,NULL,'',NULL,5,NULL,NULL,0,1,'2006-07-1811:25:14',1,'2006-07-1811:25:10',190.00000,'c0656f47-1691-11df-97a5-7038c432aabf'

21,1,21,4,'',NULL,NULL,NULL,NULL,0,1,'2006-07-2605:34:13',1,'2006-07-2605:34:03',40.00000,'c065747e-1691-11df-97a5-7038c432aabf'

22,1,22,NULL,'',NULL,21,NULL,-1,0,1,'2006-07-2605:35:27',1,'2006-07-2605:34:22',200.00000,'c06577e2-1691-11df-97a5-7038c432aabf'

23,1,23,NULL,'',NULL,21,NULL,-1,0,1,'2006-07-2605:39:24',1,'2006-07-2605:34:25',210.00000,'c0657b60-1691-11df-97a5-7038c432aabf'

222,15,130,NULL,NULL,1,356,NULL,NULL,0,1,'2005-08-0707:05:00',1,'2005-08-0600:00:00',1020.00000,'c0657eb3-1691-11df-97a5-7038c432aabf'

223,15,221,1,NULL,1,356,NULL,NULL,0,1,'2005-08-0707:06:00',1,'2005-08-0600:00:00',1040.00000,'c06581f1-1691-11df-97a5-7038c432aabf'

224,15,222,2,NULL,1,356,NULL,NULL,0,NULL,NULL,1,'2005-08-0600:00:00',1050.00000,'c0658540-1691-11df-97a5-7038c432aabf'

225,15,223,2,'a',1,356,NULL,NULL,0,NULL,NULL,1,'2005-08-0600:00:00',1060.00000,'c0658879-1691-11df-97a5-7038c432aabf'

226,15,224,3,NULL,1,356,NULL,NULL,0,NULL,NULL,1,'2005-08-0600:00:00',1070.00000,'c0658bb7-1691-11df-97a5-7038c432aabf'

227,15,225,4,NULL,1,356,NULL,NULL,0,NULL,NULL,1,'2005-08-0600:00:00',1080.00000,'c0658ee4-1691-11df-97a5-7038c432aabf'

228,15,226,5,NULL,1,356,NULL,NULL,0,NULL,NULL,1,'2005-08-0600:00:00',1090.00000,'c0659221-1691-11df-97a5-7038c432aabf'

229,15,227,6,NULL,1,356,NULL,NULL,0,NULL,NULL,1,'2005-08-0600:00:00',1100.00000,'c065954e-1691-11df-97a5-7038c432aabf'

230,15,228,6,'a',1,356,NULL,NULL,0,NULL,NULL,1,'2005-08-0600:00:00',1110.00000,'c065987b-1691-11df-97a5-7038c432aabf'

231,15,229,7,NULL,1,356,NULL,NULL,0,NULL,NULL,1,'2005-08-0600:00:00',1120.00000,'c0659bb4-1691-11df-97a5-7038c432aabf'

232,15,230,7,'a',1,356,NULL,NULL,0,NULL,NULL,1,'2005-08-0600:00:00',1130.00000,'c0659ee1-1691-11df-97a5-7038c432aabf'

233,15,231,8,NULL,1,356,NULL,NULL,0,NULL,NULL,1,'2005-08-0600:00:00',1140.00000,'c065a230-1691-11df-97a5-7038c432aabf'

234,15,232,9,NULL,1,356,NULL,NULL,0,NULL,NULL,1,'2005-08-0600:00:00',1150.00000,'c065a554-1691-11df-97a5-7038c432aabf'

235,15,233,9,'a',1,356,NULL,NULL,0,NULL,NULL,1,'2005-08-0600:00:00',1160.00000,'c065a892-1691-11df-97a5-7038c432aabf'

236,15,234,9,'b',1,356,NULL,NULL,0,NULL,NULL,1,'2005-08-0600:00:00',1170.00000,'c065abc3-1691-11df-97a5-7038c432aabf'

237,15,235,9,'c',1,356,NULL,NULL,0,NULL,NULL,1,'2005-08-0600:00:00',1180.00000,'c065af01-1691-11df-97a5-7038c432aabf'

239,15,237,10,NULL,1,356,NULL,NULL,0,NULL,NULL,1,'2005-08-0600:00:00',1190.00000,'c0670527-1691-11df-97a5-7038c432aabf'

240,15,238,10,NULL,1,356,NULL,NULL,0,NULL,NULL,1,'2005-08-0600:00:00',1200.00000,'c0670947-1691-11df-97a5-7038c432aabf'

241,15,239,10,'d',1,356,NULL,NULL,0,NULL,NULL,1,'2005-08-0600:00:00',1280.00000,'c0670c8a-1691-11df-97a5-7038c432aabf'

242,15,240,10,'a',1,356,NULL,NULL,0,NULL,NULL,1,'2005-08-0600:00:00',1220.00000,'c0670fc7-1691-11df-97a5-7038c432aabf'

243,15,241,10,'d',1,356,NULL,NULL,0,NULL,NULL,1,'2005-08-0600:00:00',1290.00000,'c06712f4-1691-11df-97a5-7038c432aabf'

244,15,131,10,'b',1,356,NULL,NULL,0,NULL,NULL,1,'2005-08-0600:00:00',1230.00000,'c067161c-1691-11df-97a5-7038c432aabf'

245,15,242,10,'c',1,356,NULL,NULL,0,NULL,NULL,1,'2005-08-0600:00:00',1250.00000,'c067195a-1691-11df-97a5-7038c432aabf'

246,15,243,10,'c',1,356,NULL,NULL,0,NULL,NULL,1,'2005-08-0600:00:00',1270.00000,'c0671c87-1691-11df-97a5-7038c432aabf'

247,15,244,10,'c',1,356,NULL,NULL,0,NULL,NULL,1,'2005-08-0600:00:00',1260.00000,'c0671fbc-1691-11df-97a5-7038c432aabf'

248,15,245,10,'c',1,356,NULL,NULL,0,NULL,NULL,1,'2005-08-0600:00:00',1240.00000,'c06722e9-1691-11df-97a5-7038c432aabf'

249,15,133,11,NULL,1,356,NULL,NULL,0,NULL,NULL,1,'2005-08-0600:00:00',1310.00000,'c067261e-1691-11df-97a5-7038c432aabf'

259,15,255,12,NULL,2,356,NULL,NULL,0,NULL,NULL,1,'2005-08-0600:00:00',1340.00000,'c0672964-1691-11df-97a5-7038c432aabf'

260,15,256,13,NULL,2,356,NULL,NULL,0,NULL,NULL,1,'2005-08-0600:00:00',1350.00000,'c0672c9a-1691-11df-97a5-7038c432aabf'

261,15,257,14,NULL,2,356,NULL,NULL,0,NULL,NULL,1,'2005-08-0600:00:00',1360.00000,'c0672fbe-1691-11df-97a5-7038c432aabf'

262,15,258,15,NULL,2,356,NULL,NULL,0,NULL,NULL,1,'2005-08-0600:00:00',1420.00000,'c06732ea-1691-11df-97a5-7038c432aabf'

263,15,259,15,NULL,2,356,NULL,NULL,0,NULL,NULL,1,'2005-08-0600:00:00',1400.00000,'c0673624-1691-11df-97a5-7038c432aabf'

264,15,260,15,NULL,2,356,NULL,NULL,0,NULL,NULL,1,'2005-08-0600:00:00',1370.00000,'c067394c-1691-11df-97a5-7038c432aabf'

265,15,261,15,NULL,2,356,NULL,NULL,0,NULL,NULL,1,'2005-08-0600:00:00',1410.00000,'c0673c8a-1691-11df-97a5-7038c432aabf'

266,15,262,15,NULL,2,356,NULL,NULL,0,NULL,NULL,1,'2005-08-0600:00:00',1380.00000,'c0673fb3-1691-11df-97a5-7038c432aabf'

267,15,263,15,NULL,2,356,NULL,NULL,0,NULL,NULL,1,'2005-08-0600:00:00',1430.00000,'c06742e8-1691-11df-97a5-7038c432aabf'

268,15,264,15,NULL,2,356,NULL,NULL,0,NULL,NULL,1,'2005-08-0600:00:00',1440.00000,'c0674615-1691-11df-97a5-7038c432aabf'

269,15,265,15,NULL,2,356,NULL,NULL,0,NULL,NULL,1,'2005-08-0600:00:00',1450.00000,'c0674945-1691-11df-97a5-7038c432aabf'

270,15,266,16,NULL,2,356,NULL,NULL,0,NULL,NULL,1,'2005-08-0600:00:00',1480.00000,'c0674c6e-1691-11df-97a5-7038c432aabf'

271,15,267,16,NULL,2,356,NULL,NULL,0,NULL,NULL,1,'2005-08-0600:00:00',1470.00000,'c067f882-1691-11df-97a5-7038c432aabf'

272,15,268,16,NULL,2,356,NULL,NULL,0,NULL,NULL,1,'2005-08-0600:00:00',1490.00000,'c067f9a0-1691-11df-97a5-7038c432aabf'

273,15,269,16,NULL,2,356,NULL,NULL,0,NULL,NULL,1,'2005-08-0600:00:00',1460.00000,'c067fab6-1691-11df-97a5-7038c432aabf'

274,15,270,17,NULL,2,356,NULL,NULL,0,NULL,NULL,1,'2005-08-0600:00:00',1510.00000,'c067fbcc-1691-11df-97a5-7038c432aabf'

276,15,271,17,NULL,2,356,NULL,NULL,0,NULL,NULL,1,'2005-08-0600:00:00',1500.00000,'c067fce2-1691-11df-97a5-7038c432aabf'

277,15,272,17,NULL,2,356,NULL,NULL,0,NULL,NULL,1,'2005-08-0600:00:00',1530.00000,'c067fdfd-1691-11df-97a5-7038c432aabf'

278,15,273,17,NULL,2,356,NULL,NULL,0,NULL,NULL,1,'2005-08-0600:00:00',1520.00000,'c067ff0e-1691-11df-97a5-7038c432aabf'

279,15,274,18,NULL,2,356,NULL,NULL,0,NULL,NULL,1,'2005-08-0600:00:00',1540.00000,'c0680029-1691-11df-97a5-7038c432aabf'

280,15,275,19,NULL,2,356,NULL,NULL,0,NULL,NULL,1,'2005-08-0600:00:00',1550.00000,'c068013a-1691-11df-97a5-7038c432aabf'

281,15,276,20,NULL,2,356,NULL,NULL,0,NULL,NULL,1,'2005-08-0600:00:00',1560.00000,'c0680255-1691-11df-97a5-7038c432aabf'

282,15,277,20,'a',2,356,NULL,NULL,0,NULL,NULL,1,'2005-08-0600:00:00',1570.00000,'c0680367-1691-11df-97a5-7038c432aabf'

283,15,278,21,NULL,2,356,NULL,NULL,0,NULL,NULL,1,'2005-08-0600:00:00',1590.00000,'c068047d-1691-11df-97a5-7038c432aabf'

284,15,279,21,NULL,2,356,NULL,NULL,0,NULL,NULL,1,'2005-08-0600:00:00',1600.00000,'c068059b-1691-11df-97a5-7038c432aabf'

285,15,280,21,NULL,2,356,NULL,NULL,0,NULL,NULL,1,'2005-08-0600:00:00',1580.00000,'c06806ad-1691-11df-97a5-7038c432aabf'

286,15,281,22,NULL,2,356,NULL,NULL,0,1,'2005-08-0806:20:00',1,'2005-08-0600:00:00',1610.00000,'c06807c7-1691-11df-97a5-7038c432aabf'

288,15,282,22,NULL,2,372,NULL,NULL,0,1,'2006-02-1402:58:00',1,'2006-02-1402:58:00',2240.00000,'c06808e1-1691-11df-97a5-7038c432aabf'

289,15,283,22,NULL,2,372,NULL,NULL,0,1,'2006-02-1402:59:00',1,'2006-02-1402:59:00',2250.00000,'c06809fc-1691-11df-97a5-7038c432aabf'

290,15,143,22,NULL,2,372,NULL,NULL,0,1,'2006-02-1402:59:00',1,'2006-02-1402:59:00',2230.00000,'c0680b0e-1691-11df-97a5-7038c432aabf'

291,15,144,23,NULL,3,372,NULL,NULL,0,1,'2005-08-0810:22:00',1,'2005-08-0600:00:00',2270.00000,'c0680c28-1691-11df-97a5-7038c432aabf'

292,15,145,23,NULL,3,372,NULL,NULL,0,1,'2005-08-0810:22:00',1,'2005-08-0600:00:00',2280.00000,'c0680d3e-1691-11df-97a5-7038c432aabf'

293,15,146,23,NULL,3,372,NULL,NULL,0,1,'2005-08-0811:45:00',1,'2005-08-0600:00:00',2290.00000,'c0680e58-1691-11df-97a5-7038c432aabf'

294,15,148,23,NULL,3,372,NULL,NULL,0,1,'2005-08-0810:21:00',1,'2005-08-0600:00:00',2260.00000,'c0680f6a-1691-11df-97a5-7038c432aabf'

295,15,147,23,NULL,3,356,NULL,NULL,0,1,'2005-08-0810:28:00',1,'2005-08-0600:00:00',1620.00000,'c0681084-1691-11df-97a5-7038c432aabf'

296,15,284,24,NULL,3,356,NULL,NULL,0,NULL,NULL,1,'2005-08-0600:00:00',1630.00000,'c0687f75-1691-11df-97a5-7038c432aabf'

297,15,285,24,NULL,3,356,NULL,NULL,0,NULL,NULL,1,'2005-08-0600:00:00',1650.00000,'c0688098-1691-11df-97a5-7038c432aabf'

298,15,286,24,NULL,3,356,NULL,NULL,0,NULL,NULL,1,'2005-08-0600:00:00',1640.00000,'c06881aa-1691-11df-97a5-7038c432aabf'

299,15,155,25,NULL,3,356,NULL,NULL,0,NULL,NULL,1,'2005-08-0600:00:00',1720.00000,'c06882bc-1691-11df-97a5-7038c432aabf'

300,15,156,25,NULL,3,356,NULL,NULL,0,NULL,NULL,1,'2005-08-0600:00:00',1670.00000,'c06883d2-1691-11df-97a5-7038c432aabf'

301,15,157,25,NULL,3,356,NULL,NULL,0,NULL,NULL,1,'2005-08-0600:00:00',1700.00000,'c06884e4-1691-11df-97a5-7038c432aabf'

302,15,158,25,NULL,3,356,NULL,NULL,0,NULL,NULL,1,'2005-08-0600:00:00',1730.00000,'c06888d9-1691-11df-97a5-7038c432aabf'

303,15,161,25,NULL,3,356,NULL,NULL,0,NULL,NULL,1,'2005-08-0600:00:00',1660.00000,'c0688a23-1691-11df-97a5-7038c432aabf'

304,15,159,25,NULL,3,356,NULL,NULL,0,NULL,NULL,1,'2005-08-0600:00:00',1740.00000,'c0689275-1691-11df-97a5-7038c432aabf'

305,15,160,25,NULL,3,356,NULL,NULL,0,NULL,NULL,1,'2005-08-0600:00:00',1680.00000,'c0689398-1691-11df-97a5-7038c432aabf'

306,15,287,25,NULL,3,356,NULL,NULL,0,NULL,NULL,1,'2005-08-0600:00:00',1690.00000,'c06894b6-1691-11df-97a5-7038c432aabf'

307,15,162,26,NULL,3,356,NULL,NULL,0,NULL,NULL,1,'2005-08-0600:00:00',1750.00000,'c06895d0-1691-11df-97a5-7038c432aabf'

308,15,288,27,NULL,3,356,NULL,NULL,0,NULL,NULL,1,'2005-08-0600:00:00',1760.00000,'c06896ef-1691-11df-97a5-7038c432aabf'

309,15,289,28,NULL,3,356,NULL,NULL,0,NULL,NULL,1,'2005-08-0600:00:00',1770.00000,'c0689805-1691-11df-97a5-7038c432aabf'

310,15,290,29,NULL,3,356,NULL,NULL,0,NULL,NULL,1,'2005-08-0600:00:00',1780.00000,'c068991b-1691-11df-97a5-7038c432aabf'

311,15,291,30,NULL,3,356,NULL,NULL,0,NULL,NULL,1,'2005-08-0600:00:00',1790.00000,'c0689bee-1691-11df-97a5-7038c432aabf'

312,15,292,31,NULL,3,356,NULL,NULL,0,NULL,NULL,1,'2005-08-0600:00:00',1800.00000,'c0689d1e-1691-11df-97a5-7038c432aabf'

313,15,211,32,NULL,3,356,NULL,NULL,0,NULL,NULL,1,'2005-08-0600:00:00',1810.00000,'c0689e45-1691-11df-97a5-7038c432aabf'

314,15,293,32,NULL,3,356,NULL,NULL,0,NULL,NULL,1,'2005-08-0600:00:00',1820.00000,'c0689f74-1691-11df-97a5-7038c432aabf'

315,15,294,32,NULL,3,356,NULL,NULL,0,NULL,NULL,1,'2005-08-0600:00:00',1830.00000,'c068a0a8-1691-11df-97a5-7038c432aabf'

316,15,295,33,NULL,3,356,NULL,NULL,0,NULL,NULL,1,'2005-08-0600:00:00',1840.00000,'c068a1d4-1691-11df-97a5-7038c432aabf'

317,15,296,34,NULL,3,356,NULL,NULL,0,NULL,NULL,1,'2005-08-0600:00:00',1850.00000,'c068a303-1691-11df-97a5-7038c432aabf'

318,15,297,35,NULL,3,356,NULL,NULL,0,NULL,NULL,1,'2005-08-0600:00:00',1860.00000,'c068a42f-1691-11df-97a5-7038c432aabf'

319,15,298,36,NULL,3,356,NULL,NULL,0,NULL,NULL,1,'2005-08-0600:00:00',1870.00000,'c0691622-1691-11df-97a5-7038c432aabf'

320,15,299,37,NULL,3,356,NULL,NULL,0,NULL,NULL,1,'2005-08-0600:00:00',1880.00000,'c0691789-1691-11df-97a5-7038c432aabf'

321,15,300,38,NULL,4,356,NULL,NULL,0,NULL,NULL,1,'2005-08-0600:00:00',1890.00000,'c06918c2-1691-11df-97a5-7038c432aabf'

322,15,166,39,NULL,4,356,NULL,NULL,0,NULL,NULL,1,'2005-08-0600:00:00',2020.00000,'c06919fa-1691-11df-97a5-7038c432aabf'

323,15,167,39,NULL,4,356,NULL,NULL,0,NULL,NULL,1,'2005-08-0600:00:00',1940.00000,'c0691b29-1691-11df-97a5-7038c432aabf'

324,15,168,39,NULL,4,356,NULL,NULL,0,NULL,NULL,1,'2005-08-0600:00:00',1970.00000,'c0691c59-1691-11df-97a5-7038c432aabf'

325,15,169,39,NULL,4,356,NULL,NULL,0,NULL,NULL,1,'2005-08-0600:00:00',1980.00000,'c0691d80-1691-11df-97a5-7038c432aabf'

326,15,170,39,NULL,4,356,NULL,NULL,0,NULL,NULL,1,'2005-08-0600:00:00',1900.00000,'c0691eb0-1691-11df-97a5-7038c432aabf'

327,15,171,39,NULL,4,356,NULL,NULL,0,NULL,NULL,1,'2005-08-0600:00:00',2000.00000,'c0691fdb-1691-11df-97a5-7038c432aabf'

328,15,172,39,NULL,4,356,NULL,NULL,0,NULL,NULL,1,'2005-08-0600:00:00',1990.00000,'c0692102-1691-11df-97a5-7038c432aabf'

329,15,173,39,NULL,4,356,NULL,NULL,0,NULL,NULL,1,'2005-08-0600:00:00',2030.00000,'c0692259-1691-11df-97a5-7038c432aabf'

330,15,174,39,NULL,4,356,NULL,NULL,0,NULL,NULL,1,'2005-08-0600:00:00',1910.00000,'c06923bc-1691-11df-97a5-7038c432aabf'

331,15,175,39,NULL,4,356,NULL,NULL,0,NULL,NULL,1,'2005-08-0600:00:00',1930.00000,'c06924df-1691-11df-97a5-7038c432aabf'

332,15,176,39,NULL,4,356,NULL,NULL,0,NULL,NULL,1,'2005-08-0600:00:00',1920.00000,'c06925fd-1691-11df-97a5-7038c432aabf'

333,15,177,39,NULL,4,356,NULL,NULL,0,NULL,NULL,1,'2005-08-0600:00:00',2010.00000,'c0692717-1691-11df-97a5-7038c432aabf'

334,15,178,39,NULL,4,356,NULL,NULL,0,NULL,NULL,1,'2005-08-0600:00:00',1950.00000,'c0692832-1691-11df-97a5-7038c432aabf'

335,15,180,40,NULL,4,373,0,-1,0,1,'2005-08-0807:18:00',1,'2005-08-0600:00:00',2310.00000,'c0692955-1691-11df-97a5-7038c432aabf'

336,15,181,40,NULL,4,373,0,-1,0,1,'2005-08-0807:17:00',1,'2005-08-0600:00:00',2300.00000,'c0692a73-1691-11df-97a5-7038c432aabf'

337,15,182,41,NULL,5,375,NULL,NULL,0,1,'2005-08-0811:47:00',1,'2005-08-0600:00:00',2320.00000,'c0692b96-1691-11df-97a5-7038c432aabf'

338,15,185,41,NULL,5,375,NULL,NULL,0,1,'2005-08-0811:47:00',1,'2005-08-0600:00:00',2330.00000,'c0692cac-1691-11df-97a5-7038c432aabf'

339,15,183,41,NULL,5,375,NULL,NULL,0,1,'2005-08-0819:19:00',1,'2005-08-0600:00:00',2360.00000,'c0693a2c-1691-11df-97a5-7038c432aabf'

340,15,184,41,NULL,5,375,NULL,NULL,0,1,'2005-08-0811:48:00',1,'2005-08-0600:00:00',2370.00000,'c0693b4b-1691-11df-97a5-7038c432aabf'

341,15,186,41,NULL,5,375,NULL,NULL,0,1,'2005-08-0811:47:00',1,'2005-08-0600:00:00',2340.00000,'c0693c69-1691-11df-97a5-7038c432aabf'

342,15,187,41,NULL,5,375,NULL,NULL,0,1,'2005-08-0811:49:00',1,'2005-08-0600:00:00',2380.00000,'c069ad5c-1691-11df-97a5-7038c432aabf'

343,15,188,41,NULL,5,375,NULL,NULL,0,1,'2005-08-0811:48:00',1,'2005-08-0600:00:00',2350.00000,'c069b134-1691-11df-97a5-7038c432aabf'

344,15,191,41,NULL,5,375,NULL,NULL,0,1,'2005-08-0811:50:00',1,'2005-08-0600:00:00',2410.00000,'c069b274-1691-11df-97a5-7038c432aabf'

346,15,189,41,NULL,5,375,NULL,NULL,0,1,'2005-08-0811:49:00',1,'2005-08-0600:00:00',2400.00000,'c069c207-1691-11df-97a5-7038c432aabf'

347,15,192,41,NULL,5,375,NULL,NULL,0,1,'2005-08-0811:50:00',1,'2005-08-0600:00:00',2420.00000,'c069c3d0-1691-11df-97a5-7038c432aabf'

348,15,193,41,NULL,5,375,NULL,NULL,0,1,'2005-08-0811:49:00',1,'2005-08-0600:00:00',2390.00000,'c069c578-1691-11df-97a5-7038c432aabf'

349,15,194,41,NULL,5,375,NULL,NULL,0,1,'2005-08-0811:50:00',1,'2005-08-0600:00:00',2430.00000,'c069c728-1691-11df-97a5-7038c432aabf'

350,15,196,45,NULL,5,376,NULL,NULL,0,1,'2005-08-0811:51:00',1,'2005-08-0600:00:00',2450.00000,'c069d4ce-1691-11df-97a5-7038c432aabf'

351,15,197,47,NULL,5,383,NULL,NULL,0,1,'2005-08-0707:12:00',1,'2005-08-0600:00:00',2460.00000,'c069d676-1691-11df-97a5-7038c432aabf'

352,15,129,2,NULL,NULL,NULL,NULL,NULL,0,1,'2005-08-0807:13:00',1,'2005-08-0600:00:00',950.00000,'c069d99e-1691-11df-97a5-7038c432aabf'

353,15,209,NULL,NULL,NULL,352,NULL,NULL,1,1,'2005-08-0707:04:00',1,'2005-08-0600:00:00',990.00000,'c069e993-1691-11df-97a5-7038c432aabf'

354,15,207,NULL,NULL,NULL,352,NULL,NULL,1,1,'2005-08-0707:05:00',1,'2005-08-0600:00:00',1000.00000,'c069eb43-1691-11df-97a5-7038c432aabf'

355,15,208,NULL,NULL,NULL,352,NULL,NULL,1,1,'2005-08-0707:05:00',1,'2005-08-0600:00:00',1010.00000,'c069f8dd-1691-11df-97a5-7038c432aabf'

356,15,127,3,NULL,NULL,NULL,NULL,NULL,0,1,'2005-08-0807:14:00',1,'2005-08-0600:00:00',960.00000,'c06a0683-1691-11df-97a5-7038c432aabf'

357,15,215,5,NULL,NULL,NULL,NULL,NULL,0,1,'2005-08-0807:18:00',1,'2005-08-0600:00:00',980.00000,'c06a2378-1691-11df-97a5-7038c432aabf'

358,15,128,1,NULL,NULL,NULL,NULL,NULL,0,1,'2005-08-0807:13:00',1,'2005-08-0600:00:00',940.00000,'c06a24bd-1691-11df-97a5-7038c432aabf'

359,15,114,NULL,NULL,NULL,358,NULL,NULL,0,1,'2005-08-0706:35:00',1,'2005-08-0600:00:00',2110.00000,'c06a25e0-1691-11df-97a5-7038c432aabf'

360,15,201,NULL,NULL,NULL,358,NULL,NULL,0,1,'2005-08-0706:40:00',1,'2005-08-0600:00:00',2120.00000,'c06a2714-1691-11df-97a5-7038c432aabf'

361,15,205,NULL,NULL,NULL,358,NULL,NULL,0,1,'2005-08-0706:40:00',1,'2005-08-0600:00:00',2130.00000,'c06a2843-1691-11df-97a5-7038c432aabf'

362,15,203,NULL,NULL,NULL,358,NULL,NULL,0,1,'2005-08-0706:40:00',1,'2005-08-0600:00:00',2140.00000,'c06a296f-1691-11df-97a5-7038c432aabf'

363,15,202,NULL,NULL,NULL,358,NULL,NULL,1,1,'2005-08-0706:41:00',1,'2005-08-0600:00:00',2170.00000,'c06a2a9a-1691-11df-97a5-7038c432aabf'

365,15,198,NULL,NULL,NULL,356,NULL,NULL,0,1,'2005-08-0707:11:00',1,'2005-08-0600:00:00',1030.00000,'c06a2bc1-1691-11df-97a5-7038c432aabf'

366,15,301,NULL,NULL,NULL,358,NULL,NULL,0,1,'2005-08-0706:49:00',1,'2005-08-0600:00:00',2090.00000,'c06a2cf5-1691-11df-97a5-7038c432aabf'

367,15,302,NULL,NULL,NULL,358,NULL,NULL,0,1,'2005-08-0706:49:00',1,'2005-08-0600:00:00',2100.00000,'c06a9de8-1691-11df-97a5-7038c432aabf'

368,15,303,NULL,NULL,NULL,358,NULL,NULL,0,1,'2005-08-0707:01:00',1,'2005-08-0600:00:00',2180.00000,'c06a9f20-1691-11df-97a5-7038c432aabf'

369,15,304,NULL,NULL,NULL,358,NULL,NULL,0,1,'2005-08-0707:01:00',1,'2005-08-0600:00:00',2190.00000,'c06aa04c-1691-11df-97a5-7038c432aabf'

370,15,305,NULL,NULL,NULL,358,NULL,NULL,0,1,'2005-08-0707:02:00',1,'2005-08-0600:00:00',2200.00000,'c06aa17b-1691-11df-97a5-7038c432aabf'

371,15,306,NULL,NULL,NULL,358,NULL,NULL,0,1,'2005-08-0707:02:00',1,'2005-08-0600:00:00',2210.00000,'c06aa2a7-1691-11df-97a5-7038c432aabf'

372,15,217,1,NULL,NULL,357,NULL,NULL,0,1,'2005-08-0810:54:00',1,'2005-08-0600:00:00',2050.00000,'c06aa3d6-1691-11df-97a5-7038c432aabf'

373,15,218,4,NULL,NULL,NULL,NULL,NULL,0,1,'2005-08-0807:16:00',1,'2005-08-0600:00:00',970.00000,'c06aa4fd-1691-11df-97a5-7038c432aabf'

375,15,216,2,NULL,NULL,357,NULL,NULL,0,1,'2005-08-0811:45:00',1,'2005-08-0600:00:00',2060.00000,'c06aa629-1691-11df-97a5-7038c432aabf'

376,15,214,3,NULL,NULL,357,NULL,NULL,0,1,'2005-08-0811:46:00',1,'2005-08-0600:00:00',2070.00000,'c06aa759-1691-11df-97a5-7038c432aabf'

379,15,179,40,NULL,NULL,356,NULL,NULL,0,1,'2005-08-0818:21:00',1,'2005-08-0600:00:00',2040.00000,'c06aa880-1691-11df-97a5-7038c432aabf'

380,15,190,44,NULL,5,375,NULL,NULL,0,1,'2005-08-0819:20:00',1,'2005-08-0600:00:00',2440.00000,'c06aa9de-1691-11df-97a5-7038c432aabf'

383,15,307,4,NULL,5,357,NULL,NULL,0,NULL,NULL,1,'2006-02-1323:16:00',2080.00000,'c06aab12-1691-11df-97a5-7038c432aabf'

384,15,310,10,'a',1,356,NULL,NULL,0,NULL,NULL,1,'2006-02-1323:16:00',1210.00000,'c06aac46-1691-11df-97a5-7038c432aabf'

385,15,213,11,NULL,1,356,NULL,NULL,0,1,'2006-02-1402:14:00',1,'2006-02-1402:14:00',1300.00000,'c06aad6d-1691-11df-97a5-7038c432aabf'

386,15,311,11,'a',1,356,NULL,NULL,0,1,'2006-02-1402:14:00',1,'2006-02-1402:14:00',1330.00000,'c06aae9d-1691-11df-97a5-7038c432aabf'

387,15,312,15,NULL,2,356,NULL,NULL,0,1,'2006-02-1402:17:00',1,'2006-02-1402:17:00',1390.00000,'c06aafc9-1691-11df-97a5-7038c432aabf'

392,15,313,22,NULL,2,372,NULL,NULL,0,1,'2006-02-1403:01:00',1,'2006-02-1403:01:00',2220.00000,'c06ab0f8-1691-11df-97a5-7038c432aabf'

393,15,314,39,NULL,4,356,NULL,NULL,0,1,'2006-02-1403:09:00',1,'2006-02-1403:09:00',1960.00000,'c06ab21f-1691-11df-97a5-7038c432aabf'

394,16,150,8,NULL,1,429,NULL,NULL,0,NULL,NULL,1,'2006-02-1405:30:00',2710.00000,'c06ab34f-1691-11df-97a5-7038c432aabf'

395,16,182,13,NULL,2,481,NULL,NULL,0,NULL,NULL,1,'2006-02-1405:30:00',3190.00000,'c06ab476-1691-11df-97a5-7038c432aabf'

396,16,141,7,NULL,1,429,NULL,NULL,0,NULL,NULL,1,'2006-02-1405:30:00',2680.00000,'c06ab5a2-1691-11df-97a5-7038c432aabf'

397,16,137,5,'b',1,429,NULL,NULL,0,NULL,NULL,1,'2006-02-1405:30:00',2600.00000,'c06ab6cd-1691-11df-97a5-7038c432aabf'

398,16,185,13,NULL,2,481,NULL,NULL,0,NULL,NULL,1,'2006-02-1405:30:00',3200.00000,'c06ab7f8-1691-11df-97a5-7038c432aabf'

399,16,134,5,'a',1,429,NULL,NULL,0,NULL,NULL,1,'2006-02-1405:30:00',2580.00000,'c06ab924-1691-11df-97a5-7038c432aabf'

400,16,161,9,NULL,1,429,NULL,NULL,0,NULL,NULL,1,'2006-02-1405:30:00',2770.00000,'c06aba54-1691-11df-97a5-7038c432aabf'

401,16,174,11,NULL,2,429,NULL,NULL,0,NULL,NULL,1,'2006-02-1405:30:00',2890.00000,'c06abb7f-1691-11df-97a5-7038c432aabf'

402,16,176,11,NULL,2,429,NULL,NULL,0,NULL,NULL,1,'2006-02-1405:30:00',2900.00000,'c06abcaa-1691-11df-97a5-7038c432aabf'

403,16,175,11,NULL,2,429,NULL,NULL,0,NULL,NULL,1,'2006-02-1405:30:00',2910.00000,'c06abdd6-1691-11df-97a5-7038c432aabf'

404,16,135,5,'b',1,429,NULL,NULL,0,NULL,NULL,1,'2006-02-1405:30:00',2620.00000,'c06abf01-1691-11df-97a5-7038c432aabf'

405,16,195,13,NULL,2,481,NULL,NULL,0,NULL,NULL,1,'2006-02-1405:30:00',3210.00000,'c06ac02d-1691-11df-97a5-7038c432aabf'

406,16,154,8,NULL,1,429,NULL,NULL,0,NULL,NULL,1,'2006-02-1405:30:00',2720.00000,'c06ac158-1691-11df-97a5-7038c432aabf'

407,16,143,7,NULL,1,480,NULL,NULL,0,NULL,NULL,1,'2006-02-1405:30:00',3140.00000,'c06ac283-1691-11df-97a5-7038c432aabf'

408,16,164,10,NULL,2,429,NULL,NULL,0,NULL,NULL,1,'2006-02-1405:30:00',2860.00000,'c06ac3ab-1691-11df-97a5-7038c432aabf'

409,16,136,5,'b',1,429,NULL,NULL,0,NULL,NULL,1,'2006-02-1405:30:00',2630.00000,'c06ac4d6-1691-11df-97a5-7038c432aabf'

410,16,156,9,NULL,1,429,NULL,NULL,0,NULL,NULL,1,'2006-02-1405:30:00',2780.00000,'c06ac5fd-1691-11df-97a5-7038c432aabf'

411,16,131,4,NULL,1,429,NULL,NULL,0,NULL,NULL,1,'2006-02-1405:30:00',2570.00000,'c06b3770-1691-11df-97a5-7038c432aabf'

412,16,129,2,NULL,NULL,NULL,NULL,NULL,0,NULL,NULL,1,'2006-02-1405:30:00',2480.00000,'c06b38c2-1691-11df-97a5-7038c432aabf'

413,16,162,9,NULL,1,429,NULL,NULL,0,NULL,NULL,1,'2006-02-1405:30:00',2790.00000,'c06b39fe-1691-11df-97a5-7038c432aabf'

414,16,160,9,NULL,1,429,NULL,NULL,0,NULL,NULL,1,'2006-02-1405:30:00',2800.00000,'c06b3b2e-1691-11df-97a5-7038c432aabf'

415,16,167,11,NULL,2,429,NULL,NULL,0,NULL,NULL,1,'2006-02-1405:30:00',2920.00000,'c06b3c5e-1691-11df-97a5-7038c432aabf'

416,16,148,7,NULL,1,480,NULL,NULL,0,NULL,NULL,1,'2006-02-1405:30:00',3150.00000,'c06b3d92-1691-11df-97a5-7038c432aabf'

417,16,144,7,NULL,1,480,NULL,NULL,0,NULL,NULL,1,'2006-02-1405:30:00',3160.00000,'c06b3ec1-1691-11df-97a5-7038c432aabf'

418,16,145,7,NULL,1,480,NULL,NULL,0,NULL,NULL,1,'2006-02-1405:30:00',3170.00000,'c06b3ff1-1691-11df-97a5-7038c432aabf'

419,16,146,7,NULL,1,480,NULL,NULL,0,NULL,NULL,1,'2006-02-1405:30:00',3180.00000,'c06b4121-1691-11df-97a5-7038c432aabf'

420,16,138,5,'b',1,429,NULL,NULL,0,NULL,NULL,1,'2006-02-1405:30:00',2640.00000,'c06b4250-1691-11df-97a5-7038c432aabf'

421,16,178,11,NULL,2,429,NULL,NULL,0,NULL,NULL,1,'2006-02-1405:30:00',2930.00000,'c06b437c-1691-11df-97a5-7038c432aabf'

422,16,179,11,NULL,2,429,NULL,NULL,0,NULL,NULL,1,'2006-02-1405:30:00',2940.00000,'c06b44a7-1691-11df-97a5-7038c432aabf'

423,16,139,5,'b',1,429,NULL,NULL,0,NULL,NULL,1,'2006-02-1405:30:00',2650.00000,'c06b4693-1691-11df-97a5-7038c432aabf'

424,16,168,11,NULL,2,429,NULL,NULL,0,NULL,NULL,1,'2006-02-1405:30:00',2950.00000,'c06b4843-1691-11df-97a5-7038c432aabf'

425,16,200,13,NULL,2,429,NULL,NULL,0,NULL,NULL,1,'2006-02-1405:30:00',3020.00000,'c06b497b-1691-11df-97a5-7038c432aabf'

426,16,163,9,NULL,1,429,NULL,NULL,0,NULL,NULL,1,'2006-02-1405:30:00',2810.00000,'c06b4aaf-1691-11df-97a5-7038c432aabf'

427,16,140,6,NULL,1,429,NULL,NULL,0,NULL,NULL,1,'2006-02-1405:30:00',2670.00000,'c06b4bdb-1691-11df-97a5-7038c432aabf'

428,16,165,10,NULL,2,429,NULL,NULL,0,NULL,NULL,1,'2006-02-1405:30:00',2870.00000,'c06b4d06-1691-11df-97a5-7038c432aabf'

429,16,127,3,NULL,NULL,NULL,NULL,NULL,0,NULL,NULL,1,'2006-02-1405:30:00',2490.00000,'c06b4e36-1691-11df-97a5-7038c432aabf'

430,16,149,8,NULL,1,429,NULL,NULL,0,NULL,NULL,1,'2006-02-1405:30:00',2730.00000,'c06b4f61-1691-11df-97a5-7038c432aabf'

431,16,128,1,NULL,NULL,NULL,NULL,NULL,0,NULL,NULL,1,'2006-02-1405:30:00',2470.00000,'c06b5095-1691-11df-97a5-7038c432aabf'

432,16,199,13,NULL,2,429,NULL,NULL,0,NULL,NULL,1,'2006-02-1405:30:00',3030.00000,'c06b51bc-1691-11df-97a5-7038c432aabf'

433,16,114,NULL,NULL,NULL,431,NULL,NULL,0,NULL,NULL,1,'2006-02-1405:30:00',3060.00000,'c06b52ec-1691-11df-97a5-7038c432aabf'

434,16,130,3,NULL,1,429,NULL,NULL,0,NULL,NULL,1,'2006-02-1405:30:00',2560.00000,'c06b5417-1691-11df-97a5-7038c432aabf'

435,16,151,8,NULL,1,429,NULL,NULL,0,NULL,NULL,1,'2006-02-1405:30:00',2740.00000,'c06b554b-1691-11df-97a5-7038c432aabf'

436,16,186,13,NULL,2,481,NULL,NULL,0,NULL,NULL,1,'2006-02-1405:30:00',3230.00000,'c06b5677-1691-11df-97a5-7038c432aabf'

437,16,188,13,NULL,2,481,NULL,NULL,0,NULL,NULL,1,'2006-02-1405:30:00',3240.00000,'c06b57a7-1691-11df-97a5-7038c432aabf'

438,16,169,11,NULL,2,429,NULL,NULL,0,NULL,NULL,1,'2006-02-1405:30:00',2960.00000,'c06b58ce-1691-11df-97a5-7038c432aabf'

439,16,133,5,'a',1,429,NULL,NULL,0,NULL,NULL,1,'2006-02-1405:30:00',2590.00000,'c06b59f9-1691-11df-97a5-7038c432aabf'

440,16,142,7,NULL,1,429,NULL,NULL,0,NULL,NULL,1,'2006-02-1405:30:00',2690.00000,'c06b5b24-1691-11df-97a5-7038c432aabf'

441,16,181,12,NULL,2,483,0,-1,0,NULL,NULL,1,'2006-02-1405:30:00',3380.00000,'c06b5c4c-1691-11df-97a5-7038c432aabf'

442,16,180,12,NULL,2,483,0,-1,0,NULL,NULL,1,'2006-02-1405:30:00',3390.00000,'c06b5e2f-1691-11df-97a5-7038c432aabf'

443,16,157,9,NULL,1,429,NULL,NULL,0,NULL,NULL,1,'2006-02-1405:30:00',2820.00000,'c06b682d-1691-11df-97a5-7038c432aabf'

444,16,183,13,NULL,2,481,NULL,NULL,0,NULL,NULL,1,'2006-02-1405:30:00',3250.00000,'c06b695c-1691-11df-97a5-7038c432aabf'

445,16,184,13,NULL,2,481,NULL,NULL,0,NULL,NULL,1,'2006-02-1405:30:00',3260.00000,'c06b6a84-1691-11df-97a5-7038c432aabf'

446,16,187,13,NULL,2,481,NULL,NULL,0,NULL,NULL,1,'2006-02-1405:30:00',3270.00000,'c06bdb61-1691-11df-97a5-7038c432aabf'

447,16,190,13,NULL,2,481,NULL,NULL,0,NULL,NULL,1,'2006-02-1405:30:00',3280.00000,'c06bdc95-1691-11df-97a5-7038c432aabf'

448,16,193,13,NULL,2,481,NULL,NULL,0,NULL,NULL,1,'2006-02-1405:30:00',3290.00000,'c06bddc0-1691-11df-97a5-7038c432aabf'

449,16,197,13,NULL,2,488,NULL,NULL,0,1,'2006-02-1415:39:11',1,'2006-02-1415:39:11',3400.00000,'c06bdeeb-1691-11df-97a5-7038c432aabf'

450,16,198,13,NULL,2,429,NULL,NULL,0,NULL,NULL,1,'2006-02-1405:30:00',3040.00000,'c06be01b-1691-11df-97a5-7038c432aabf'

451,16,132,NULL,NULL,1,429,NULL,NULL,0,NULL,NULL,1,'2006-02-1405:30:00',2550.00000,'c06be14f-1691-11df-97a5-7038c432aabf'

452,16,172,11,NULL,2,429,NULL,NULL,0,NULL,NULL,1,'2006-02-1405:30:00',2970.00000,'c06be29d-1691-11df-97a5-7038c432aabf'

453,16,171,11,NULL,2,429,NULL,NULL,0,NULL,NULL,1,'2006-02-1405:30:00',2980.00000,'c06be48d-1691-11df-97a5-7038c432aabf'

454,16,155,9,NULL,1,429,NULL,NULL,0,NULL,NULL,1,'2006-02-1405:30:00',2830.00000,'c06be65f-1691-11df-97a5-7038c432aabf'

455,16,158,9,NULL,1,429,NULL,NULL,0,NULL,NULL,1,'2006-02-1405:30:00',2840.00000,'c06be829-1691-11df-97a5-7038c432aabf'

456,16,196,13,NULL,2,479,NULL,NULL,0,NULL,NULL,1,'2006-02-1405:30:00',3130.00000,'c06beb00-1691-11df-97a5-7038c432aabf'

457,16,147,7,NULL,1,429,NULL,NULL,0,NULL,NULL,1,'2006-02-1405:30:00',2700.00000,'c06bece3-1691-11df-97a5-7038c432aabf'

458,16,152,8,NULL,1,429,NULL,NULL,0,NULL,NULL,1,'2006-02-1405:30:00',2750.00000,'c06beecf-1691-11df-97a5-7038c432aabf'

459,16,189,13,NULL,2,481,NULL,NULL,0,NULL,NULL,1,'2006-02-1405:30:00',3300.00000,'c06bf0b2-1691-11df-97a5-7038c432aabf'

460,16,191,13,NULL,2,481,NULL,NULL,0,NULL,NULL,1,'2006-02-1405:30:00',3310.00000,'c06bf28d-1691-11df-97a5-7038c432aabf'

461,16,153,8,NULL,1,429,NULL,NULL,0,NULL,NULL,1,'2006-02-1405:30:00',2760.00000,'c06bf46c-1691-11df-97a5-7038c432aabf'

462,16,192,13,NULL,2,481,NULL,NULL,0,NULL,NULL,1,'2006-02-1405:30:00',3320.00000,'c06bf650-1691-11df-97a5-7038c432aabf'

463,16,194,13,NULL,2,481,NULL,NULL,0,NULL,NULL,1,'2006-02-1405:30:00',3330.00000,'c06bf82a-1691-11df-97a5-7038c432aabf'

464,16,177,11,NULL,2,429,NULL,NULL,0,NULL,NULL,1,'2006-02-1405:30:00',2990.00000,'c06bf956-1691-11df-97a5-7038c432aabf'

465,16,159,9,NULL,1,429,NULL,NULL,0,NULL,NULL,1,'2006-02-1405:30:00',2850.00000,'c06bfa8a-1691-11df-97a5-7038c432aabf'

466,16,166,11,NULL,2,429,NULL,NULL,0,NULL,NULL,1,'2006-02-1405:30:00',3000.00000,'c06bfbb1-1691-11df-97a5-7038c432aabf'

467,16,173,11,NULL,2,429,NULL,NULL,0,NULL,NULL,1,'2006-02-1405:30:00',3010.00000,'c06bfce1-1691-11df-97a5-7038c432aabf'

468,16,201,NULL,NULL,NULL,431,NULL,NULL,0,NULL,NULL,1,'2006-02-1405:30:00',3070.00000,'c06bfe08-1691-11df-97a5-7038c432aabf'

469,16,202,NULL,NULL,NULL,431,NULL,NULL,1,NULL,NULL,1,'2006-02-1405:30:00',3110.00000,'c06bff37-1691-11df-97a5-7038c432aabf'

470,16,203,NULL,NULL,NULL,431,NULL,NULL,0,NULL,NULL,1,'2006-02-1405:30:00',3090.00000,'c06c0063-1691-11df-97a5-7038c432aabf'

471,16,205,NULL,NULL,NULL,431,NULL,NULL,0,NULL,NULL,1,'2006-02-1405:30:00',3080.00000,'c06c0193-1691-11df-97a5-7038c432aabf'

472,16,206,NULL,NULL,NULL,431,NULL,NULL,0,NULL,NULL,1,'2006-02-1405:30:00',3120.00000,'c06c02ba-1691-11df-97a5-7038c432aabf'

473,16,207,NULL,NULL,NULL,412,NULL,NULL,1,NULL,NULL,1,'2006-02-1405:30:00',2530.00000,'c06c03e5-1691-11df-97a5-7038c432aabf'

474,16,208,NULL,NULL,NULL,412,NULL,NULL,1,NULL,NULL,1,'2006-02-1405:30:00',2540.00000,'c06c0519-1691-11df-97a5-7038c432aabf'

475,16,209,NULL,NULL,NULL,412,NULL,NULL,1,NULL,NULL,1,'2006-02-1405:30:00',2520.00000,'c06c0644-1691-11df-97a5-7038c432aabf'

476,16,210,13,NULL,1,481,NULL,NULL,0,NULL,NULL,1,'2006-02-1405:30:00',3220.00000,'c06c0774-1691-11df-97a5-7038c432aabf'

477,16,212,5,'b',1,429,NULL,NULL,0,NULL,NULL,1,'2006-02-1405:30:00',2610.00000,'c06c08a0-1691-11df-97a5-7038c432aabf'

478,16,213,5,'b',NULL,429,NULL,NULL,0,NULL,NULL,1,'2006-02-1405:30:00',2660.00000,'c06c09e0-1691-11df-97a5-7038c432aabf'

479,16,214,3,NULL,NULL,482,NULL,NULL,0,NULL,NULL,1,'2006-02-1405:30:00',3360.00000,'c06c0b0c-1691-11df-97a5-7038c432aabf'

480,16,217,1,NULL,1,482,NULL,NULL,0,NULL,NULL,1,'2006-02-1405:30:00',3340.00000,'c06c0c3b-1691-11df-97a5-7038c432aabf'

481,16,216,2,NULL,NULL,482,NULL,NULL,0,NULL,NULL,1,'2006-02-1405:30:00',3350.00000,'c06c7ae0-1691-11df-97a5-7038c432aabf'

482,16,215,5,NULL,NULL,NULL,NULL,NULL,0,NULL,NULL,1,'2006-02-1405:30:00',2510.00000,'c06c7c07-1691-11df-97a5-7038c432aabf'

483,16,218,4,NULL,NULL,NULL,NULL,NULL,0,NULL,NULL,1,'2006-02-1405:30:00',2500.00000,'c06c7d21-1691-11df-97a5-7038c432aabf'

484,16,220,13,NULL,2,429,NULL,NULL,0,NULL,NULL,1,'2006-02-1405:30:00',3050.00000,'c06c7e8d-1691-11df-97a5-7038c432aabf'

487,16,170,11,NULL,2,429,NULL,NULL,0,1,'2006-02-1415:34:09',1,'2006-02-1415:34:09',2880.00000,'c06c7fc1-1691-11df-97a5-7038c432aabf'

488,16,307,4,NULL,2,482,NULL,NULL,0,1,'2006-02-1415:35:22',1,'2006-02-1415:35:22',3370.00000,'c06c80ec-1691-11df-97a5-7038c432aabf'

489,15,315,NULL,NULL,NULL,358,NULL,NULL,0,1,'2006-02-1502:32:49',1,'2006-02-1502:32:49',2160.00000,'c06c8220-1691-11df-97a5-7038c432aabf'

490,15,316,NULL,NULL,NULL,358,NULL,NULL,0,1,'2006-02-1502:33:55',1,'2006-02-1502:33:55',2150.00000,'c06c8350-1691-11df-97a5-7038c432aabf'

491,15,317,11,'a',1,356,NULL,NULL,0,1,'2006-02-1502:38:22',1,'2006-02-1502:38:22',1320.00000,'c06c847f-1691-11df-97a5-7038c432aabf'

492,16,316,NULL,NULL,NULL,431,NULL,NULL,0,1,'2006-02-1520:43:25',1,'2006-02-1520:43:25',3100.00000,'c06c85ab-1691-11df-97a5-7038c432aabf'

493,15,318,25,NULL,3,356,NULL,NULL,0,1,'2006-02-1601:48:10',1,'2006-02-1601:48:10',1710.00000,'c06c870e-1691-11df-97a5-7038c432aabf'

494,17,201,1,NULL,1,496,NULL,NULL,0,1,'2006-04-1603:40:55',1,'2006-04-1603:40:55',3480.00000,'c06c8828-1691-11df-97a5-7038c432aabf'

495,17,203,1,NULL,1,496,NULL,NULL,0,1,'2006-04-1603:40:58',1,'2006-04-1603:40:58',3490.00000,'c06c8947-1691-11df-97a5-7038c432aabf'

496,17,128,1,NULL,1,NULL,NULL,NULL,0,1,'2006-04-1603:36:26',1,'2006-04-1603:36:26',3410.00000,'c06c8a65-1691-11df-97a5-7038c432aabf'

497,17,114,1,NULL,1,496,NULL,NULL,0,1,'2006-04-1603:40:51',1,'2006-04-1603:40:51',3470.00000,'c06c8b88-1691-11df-97a5-7038c432aabf'

498,17,129,2,NULL,1,NULL,NULL,NULL,0,1,'2006-04-1603:39:34',1,'2006-04-1603:39:34',3420.00000,'c06c8ca2-1691-11df-97a5-7038c432aabf'

499,17,127,3,NULL,1,NULL,NULL,NULL,0,1,'2006-04-1603:39:52',1,'2006-04-1603:39:52',3430.00000,'c06c8dca-1691-11df-97a5-7038c432aabf'

500,17,218,4,NULL,2,NULL,NULL,NULL,0,1,'2006-04-1603:40:16',1,'2006-04-1603:40:16',3440.00000,'c06c8ee4-1691-11df-97a5-7038c432aabf'

501,17,215,5,NULL,2,NULL,NULL,NULL,0,1,'2006-04-1603:40:40',1,'2006-04-1603:40:40',3450.00000,'c06c9002-1691-11df-97a5-7038c432aabf'

502,17,205,1,'b',1,496,NULL,NULL,0,1,'2006-04-1603:41:53',1,'2006-04-1603:41:53',3500.00000,'c06c911d-1691-11df-97a5-7038c432aabf'

503,17,206,1,'c',1,496,NULL,NULL,0,1,'2006-04-1603:42:21',1,'2006-04-1603:42:21',3510.00000,'c06c9240-1691-11df-97a5-7038c432aabf'

505,17,202,NULL,NULL,1,496,NULL,NULL,1,1,'2006-04-1603:51:11',1,'2006-04-1603:51:11',3460.00000,'c06c935e-1691-11df-97a5-7038c432aabf'

506,17,302,2,NULL,1,496,NULL,NULL,0,1,'2006-04-1603:56:20',1,'2006-04-1603:56:20',3530.00000,'c06c9481-1691-11df-97a5-7038c432aabf'

507,17,301,2,NULL,1,496,NULL,NULL,0,1,'2006-04-1603:57:45',1,'2006-04-1603:57:45',3520.00000,'c06c95a0-1691-11df-97a5-7038c432aabf'

508,17,209,NULL,NULL,NULL,498,NULL,NULL,1,1,'2006-04-1603:59:25',1,'2006-04-1603:59:25',3540.00000,'c06c96ba-1691-11df-97a5-7038c432aabf'

509,17,207,NULL,NULL,NULL,498,NULL,NULL,1,1,'2006-04-1603:59:38',1,'2006-04-1603:59:38',3550.00000,'c06c97dd-1691-11df-97a5-7038c432aabf'

510,17,208,NULL,NULL,NULL,498,NULL,NULL,1,1,'2006-04-1603:59:57',1,'2006-04-1603:59:57',3560.00000,'c06c98fb-1691-11df-97a5-7038c432aabf'

511,17,320,3,NULL,1,499,NULL,NULL,0,1,'2006-04-1604:02:44',1,'2006-04-1604:02:44',3580.00000,'c06c9a1a-1691-11df-97a5-7038c432aabf'

512,17,321,3,NULL,1,499,NULL,NULL,0,1,'2006-04-1604:07:20',1,'2006-04-1604:07:20',3570.00000,'c06c9b34-1691-11df-97a5-7038c432aabf'

513,17,132,4,NULL,1,499,NULL,NULL,0,1,'2006-04-1604:10:53',1,'2006-04-1604:10:53',3590.00000,'c06c9c57-1691-11df-97a5-7038c432aabf'

514,17,130,6,NULL,1,499,NULL,NULL,0,1,'2006-04-1604:26:46',1,'2006-04-1604:26:46',3600.00000,'c06c9d71-1691-11df-97a5-7038c432aabf'

515,17,322,7,NULL,1,499,NULL,NULL,0,1,'2006-04-1604:13:35',1,'2006-04-1604:13:35',3610.00000,'c06c9e90-1691-11df-97a5-7038c432aabf'

516,17,139,8,NULL,1,499,NULL,NULL,0,1,'2006-04-1604:26:21',1,'2006-04-1604:26:21',3620.00000,'c06c9faf-1691-11df-97a5-7038c432aabf'

517,17,323,9,NULL,1,499,NULL,NULL,0,1,'2006-04-1604:33:02',1,'2006-04-1604:33:02',3630.00000,'c06ca0cd-1691-11df-97a5-7038c432aabf'

518,17,324,10,NULL,1,499,NULL,NULL,0,1,'2006-04-1604:33:55',1,'2006-04-1604:33:55',3640.00000,'c06ca1e7-1691-11df-97a5-7038c432aabf'

519,17,325,11,NULL,1,499,NULL,NULL,0,1,'2006-04-1604:34:26',1,'2006-04-1604:34:26',3650.00000,'c06d0fa0-1691-11df-97a5-7038c432aabf'

520,17,141,12,'a',1,499,NULL,NULL,0,1,'2006-04-1604:36:29',1,'2006-04-1604:36:29',3660.00000,'c06d10c3-1691-11df-97a5-7038c432aabf'

521,17,142,12,'a',1,499,NULL,NULL,0,1,'2006-04-1604:37:41',1,'2006-04-1604:37:41',3670.00000,'c06d11e6-1691-11df-97a5-7038c432aabf'

522,17,143,12,'a',1,525,NULL,NULL,0,1,'2006-04-1604:43:28',1,'2006-04-1604:43:28',4190.00000,'c06d1305-1691-11df-97a5-7038c432aabf'

523,17,144,12,'b',1,525,NULL,NULL,0,1,'2006-04-1604:43:52',1,'2006-04-1604:43:52',4200.00000,'c06d1423-1691-11df-97a5-7038c432aabf'

524,17,145,12,'c',1,525,NULL,NULL,0,1,'2006-04-1604:44:20',1,'2006-04-1604:44:20',4210.00000,'c06d1542-1691-11df-97a5-7038c432aabf'

525,17,217,1,NULL,NULL,501,NULL,NULL,0,1,'2006-04-1604:43:12',1,'2006-04-1604:43:12',4150.00000,'c06d1660-1691-11df-97a5-7038c432aabf'

526,17,146,12,'d',1,525,NULL,NULL,0,1,'2006-04-1604:45:04',1,'2006-04-1604:45:04',4220.00000,'c06d177f-1691-11df-97a5-7038c432aabf'

527,17,147,12,'d',1,499,NULL,NULL,0,1,'2006-04-1604:45:24',1,'2006-04-1604:45:24',3680.00000,'c06d18a6-1691-11df-97a5-7038c432aabf'

528,17,148,12,'e',1,525,NULL,NULL,0,1,'2006-04-1604:46:07',1,'2006-04-1604:46:07',4230.00000,'c06d19c9-1691-11df-97a5-7038c432aabf'

529,17,326,13,'a',1,499,NULL,NULL,0,1,'2006-04-1604:48:07',1,'2006-04-1604:48:07',3690.00000,'c06d1b4e-1691-11df-97a5-7038c432aabf'

530,17,149,13,'b',1,499,NULL,NULL,0,1,'2006-04-1604:49:36',1,'2006-04-1604:49:36',3700.00000,'c06d1c82-1691-11df-97a5-7038c432aabf'

531,17,150,13,'c',1,499,NULL,NULL,0,1,'2006-04-1604:53:48',1,'2006-04-1604:53:48',3710.00000,'c06d1db6-1691-11df-97a5-7038c432aabf'

532,17,151,13,'c',1,499,NULL,NULL,0,1,'2006-04-1604:55:21',1,'2006-04-1604:55:21',3720.00000,'c06d1ef3-1691-11df-97a5-7038c432aabf'

533,17,152,13,'c',1,499,NULL,NULL,0,1,'2006-04-1604:55:59',1,'2006-04-1604:55:59',3730.00000,'c06d202b-1691-11df-97a5-7038c432aabf'

534,17,153,13,'c',1,499,NULL,NULL,0,1,'2006-04-1604:56:29',1,'2006-04-1604:56:29',3740.00000,'c06d2163-1691-11df-97a5-7038c432aabf'

536,17,140,14,NULL,1,499,NULL,NULL,0,1,'2006-04-1604:58:37',1,'2006-04-1604:58:37',3750.00000,'c06d2b83-1691-11df-97a5-7038c432aabf'

537,17,318,15,'a',1,499,NULL,NULL,0,1,'2006-04-1605:03:34',1,'2006-04-1605:03:34',3810.00000,'c06d2caa-1691-11df-97a5-7038c432aabf'

538,17,157,15,'a',1,499,NULL,NULL,0,1,'2006-04-1605:03:38',1,'2006-04-1605:03:38',3800.00000,'c06d2dc5-1691-11df-97a5-7038c432aabf'

539,17,158,15,'a',1,499,NULL,NULL,0,1,'2006-04-1605:03:30',1,'2006-04-1605:03:30',3820.00000,'c06d2ee7-1691-11df-97a5-7038c432aabf'

540,17,159,15,'a',1,499,NULL,NULL,0,1,'2006-04-1605:03:25',1,'2006-04-1605:03:25',3830.00000,'c06d300a-1691-11df-97a5-7038c432aabf'

541,17,160,15,'a',1,499,NULL,NULL,0,1,'2006-04-1605:03:43',1,'2006-04-1605:03:43',3790.00000,'c06d312d-1691-11df-97a5-7038c432aabf'

542,17,327,15,'a',1,499,NULL,NULL,0,1,'2006-04-1605:03:47',1,'2006-04-1605:03:47',3780.00000,'c06d3250-1691-11df-97a5-7038c432aabf'

543,17,328,15,'a',1,499,NULL,NULL,0,1,'2006-04-1605:03:52',1,'2006-04-1605:03:52',3770.00000,'c06d3377-1691-11df-97a5-7038c432aabf'

544,17,161,15,'a',1,499,NULL,NULL,0,1,'2006-04-1605:03:16',1,'2006-04-1605:03:16',3760.00000,'c06d349a-1691-11df-97a5-7038c432aabf'

545,17,162,15,'b',1,499,NULL,NULL,0,1,'2006-04-1605:03:59',1,'2006-04-1605:03:59',3840.00000,'c06d35c1-1691-11df-97a5-7038c432aabf'

546,17,163,15,'b',1,499,NULL,NULL,0,1,'2006-04-1605:04:05',1,'2006-04-1605:04:05',3850.00000,'c06d36e0-1691-11df-97a5-7038c432aabf'

547,17,291,15,'c',1,499,NULL,NULL,0,1,'2006-04-1605:04:12',1,'2006-04-1605:04:12',3880.00000,'c06d3803-1691-11df-97a5-7038c432aabf'

548,17,292,15,'c',1,499,NULL,NULL,0,1,'2006-04-1605:04:41',1,'2006-04-1605:04:41',3870.00000,'c06d3921-1691-11df-97a5-7038c432aabf'

549,17,298,15,'c',1,499,NULL,NULL,0,1,'2006-04-1605:05:06',1,'2006-04-1605:05:06',3910.00000,'c06d3a48-1691-11df-97a5-7038c432aabf'

550,17,297,15,'c',1,499,NULL,NULL,0,1,'2006-04-1605:05:27',1,'2006-04-1605:05:27',3900.00000,'c06d3b67-1691-11df-97a5-7038c432aabf'

551,17,290,15,'c',1,499,NULL,NULL,0,1,'2006-04-1605:05:43',1,'2006-04-1605:05:43',3890.00000,'c06d3c8e-1691-11df-97a5-7038c432aabf'

552,17,329,16,'a',1,499,NULL,NULL,0,1,'2006-04-1605:09:21',1,'2006-04-1605:09:21',3920.00000,'c06d3dad-1691-11df-97a5-7038c432aabf'

553,17,330,16,'a',1,499,NULL,NULL,0,1,'2006-04-1605:09:26',1,'2006-04-1605:09:26',3930.00000,'c06d3ecf-1691-11df-97a5-7038c432aabf'

554,17,166,16,'b',1,499,NULL,NULL,0,1,'2006-04-1605:09:48',1,'2006-04-1605:09:48',4060.00000,'c06d3ff2-1691-11df-97a5-7038c432aabf'

555,17,167,16,'b',1,499,NULL,NULL,0,1,'2006-04-1605:11:01',1,'2006-04-1605:11:01',3980.00000,'c06dae70-1691-11df-97a5-7038c432aabf'

556,17,168,16,'b',1,499,NULL,NULL,0,1,'2006-04-1605:11:07',1,'2006-04-1605:11:07',4020.00000,'c06dafa0-1691-11df-97a5-7038c432aabf'

557,17,169,16,'b',1,499,NULL,NULL,0,1,'2006-04-1605:11:14',1,'2006-04-1605:11:14',4030.00000,'c06db0c3-1691-11df-97a5-7038c432aabf'

558,17,170,16,'b',1,499,NULL,NULL,0,1,'2006-04-1605:12:05',1,'2006-04-1605:12:05',3940.00000,'c06db1ea-1691-11df-97a5-7038c432aabf'

559,17,171,16,'b',1,499,NULL,NULL,0,1,'2006-04-1605:12:25',1,'2006-04-1605:12:25',4050.00000,'c06db308-1691-11df-97a5-7038c432aabf'

560,17,172,16,'b',1,499,NULL,NULL,0,1,'2006-04-1605:12:54',1,'2006-04-1605:12:54',4040.00000,'c06db42b-1691-11df-97a5-7038c432aabf'

561,17,174,16,'b',1,499,NULL,NULL,0,1,'2006-04-1605:13:18',1,'2006-04-1605:13:18',3950.00000,'c06db552-1691-11df-97a5-7038c432aabf'

562,17,175,16,'b',1,499,NULL,NULL,0,1,'2006-04-1605:13:31',1,'2006-04-1605:13:31',3970.00000,'c06db679-1691-11df-97a5-7038c432aabf'

563,17,176,16,'b',1,499,NULL,NULL,0,1,'2006-04-1605:13:44',1,'2006-04-1605:13:44',3960.00000,'c06db7ff-1691-11df-97a5-7038c432aabf'

565,17,178,16,'b',1,499,NULL,NULL,0,1,'2006-04-1605:14:27',1,'2006-04-1605:14:27',4000.00000,'c06db93b-1691-11df-97a5-7038c432aabf'

566,17,179,16,'b',1,499,NULL,NULL,0,1,'2006-04-1605:14:43',1,'2006-04-1605:14:43',4010.00000,'c06dba6b-1691-11df-97a5-7038c432aabf'

567,17,173,16,'b',1,499,NULL,NULL,0,1,'2006-04-1605:14:53',1,'2006-04-1605:14:53',4070.00000,'c06dbba3-1691-11df-97a5-7038c432aabf'

568,17,181,17,NULL,2,500,0,-1,0,1,'2006-04-1605:16:39',1,'2006-04-1605:16:39',4130.00000,'c06dbce8-1691-11df-97a5-7038c432aabf'

569,17,180,17,NULL,2,500,0,-1,0,1,'2006-04-1605:17:23',1,'2006-04-1605:17:23',4140.00000,'c06dcacb-1691-11df-97a5-7038c432aabf'

570,17,216,2,NULL,2,501,NULL,NULL,0,1,'2006-04-1605:19:04',1,'2006-04-1605:19:04',4160.00000,'c06dcbf6-1691-11df-97a5-7038c432aabf'

571,17,214,3,NULL,2,501,NULL,NULL,0,1,'2006-04-1605:19:19',1,'2006-04-1605:19:19',4170.00000,'c06dcd19-1691-11df-97a5-7038c432aabf'

572,17,307,4,NULL,2,501,NULL,NULL,0,1,'2006-04-1605:19:39',1,'2006-04-1605:19:39',4180.00000,'c06dce3c-1691-11df-97a5-7038c432aabf'

573,17,197,18,NULL,2,572,NULL,NULL,0,1,'2006-04-1605:21:23',1,'2006-04-1605:21:23',4380.00000,'c06dcf63-1691-11df-97a5-7038c432aabf'

574,17,196,18,NULL,2,571,NULL,NULL,0,1,'2006-04-1605:21:47',1,'2006-04-1605:21:47',4370.00000,'c06dd08e-1691-11df-97a5-7038c432aabf'

575,17,198,18,NULL,2,499,NULL,NULL,0,1,'2006-04-1605:24:43',1,'2006-04-1605:24:43',4100.00000,'c06dd1b5-1691-11df-97a5-7038c432aabf'

576,17,200,18,NULL,2,499,NULL,NULL,0,1,'2006-04-1605:25:01',1,'2006-04-1605:25:01',4080.00000,'c06dd2dd-1691-11df-97a5-7038c432aabf'

577,17,199,18,NULL,2,499,NULL,NULL,0,1,'2006-04-1605:28:32',1,'2006-04-1605:28:32',4090.00000,'c06dd3fb-1691-11df-97a5-7038c432aabf'

578,17,182,18,'a',2,570,NULL,NULL,0,1,'2006-04-1605:32:47',1,'2006-04-1605:32:47',4240.00000,'c06dd522-1691-11df-97a5-7038c432aabf'

579,17,184,18,'a',2,570,NULL,NULL,0,1,'2006-04-1605:33:02',1,'2006-04-1605:33:02',4260.00000,'c06dd645-1691-11df-97a5-7038c432aabf'

580,17,185,18,'a',2,570,NULL,NULL,0,1,'2006-04-1605:32:53',1,'2006-04-1605:32:53',4250.00000,'c06dd76c-1691-11df-97a5-7038c432aabf'

581,17,186,18,'b',2,570,NULL,NULL,0,1,'2006-04-1605:33:10',1,'2006-04-1605:33:10',4270.00000,'c06dd88f-1691-11df-97a5-7038c432aabf'

582,17,187,18,'b',2,570,NULL,NULL,0,1,'2006-04-1605:33:15',1,'2006-04-1605:33:15',4290.00000,'c06dd9b2-1691-11df-97a5-7038c432aabf'

583,17,188,18,'b',2,570,NULL,NULL,0,1,'2006-04-1605:33:46',1,'2006-04-1605:33:46',4280.00000,'c06ddacc-1691-11df-97a5-7038c432aabf'

584,17,191,18,'c',2,570,NULL,NULL,0,1,'2006-04-1605:34:15',1,'2006-04-1605:34:15',4320.00000,'c06ddbf3-1691-11df-97a5-7038c432aabf'

585,17,189,18,'c',2,570,NULL,NULL,0,1,'2006-04-1605:34:39',1,'2006-04-1605:34:39',4310.00000,'c06ddd16-1691-11df-97a5-7038c432aabf'

586,17,190,18,'c',2,570,NULL,NULL,0,1,'2006-04-1605:34:57',1,'2006-04-1605:34:57',4300.00000,'c06dde97-1691-11df-97a5-7038c432aabf'

587,17,192,18,'d',2,570,NULL,NULL,0,1,'2006-04-1605:35:59',1,'2006-04-1605:35:59',4340.00000,'c06deb17-1691-11df-97a5-7038c432aabf'

588,17,193,18,'d',2,570,NULL,NULL,0,1,'2006-04-1605:36:14',1,'2006-04-1605:36:14',4330.00000,'c06dec3e-1691-11df-97a5-7038c432aabf'

589,17,194,18,'d',2,570,NULL,NULL,0,1,'2006-04-1605:36:30',1,'2006-04-1605:36:30',4350.00000,'c06ded54-1691-11df-97a5-7038c432aabf'

590,17,331,18,'f',2,499,NULL,NULL,0,1,'2006-04-1605:42:15',1,'2006-04-1605:42:15',4110.00000,'c06dee7f-1691-11df-97a5-7038c432aabf'

591,17,332,18,'f',2,499,NULL,NULL,0,1,'2006-04-1605:42:38',1,'2006-04-1605:42:38',4120.00000,'c06e6115-1691-11df-97a5-7038c432aabf'

592,17,333,18,'e',2,570,NULL,NULL,0,1,'2006-04-1605:43:27',1,'2006-04-1605:43:27',4360.00000,'c06e6278-1691-11df-97a5-7038c432aabf'

594,17,211,15,'c',1,499,NULL,NULL,0,1,'2006-04-1607:57:45',1,'2006-04-1607:57:45',3860.00000,'c06e63bd-1691-11df-97a5-7038c432aabf'

595,17,334,16,'b',1,499,NULL,NULL,0,1,'2006-04-1705:11:32',1,'2006-04-1705:11:32',3990.00000,'c06e64fe-1691-11df-97a5-7038c432aabf'